display_order,attraction_id,municipality_id,municipality,name,address,type,brief_description,image_url,image_mode,image_alt,detail_route,primary_source_url,photo_source_url,photo_attribution,cta_primary,cta_secondary,public_status
1,MADIA-CAR-ATT-001,MADIA-MUN-CAR,Caramoan,Matukad Island,"Caramoan, Camarines Sur",Island / beach,"A prominent Caramoan island destination identified by the provincial tourism website, associated with swimming, snorkeling, beach visits, and limestone scenery.",,branded_provincial_fallback,MADIA provincial visual for Matukad Island in Caramoan,/municipalities/caramoan/matukad-island,https://visitcamsur.com/places-to-go/islands,,,Explore attraction,Add to itinerary,published
2,MADIA-CAR-ATT-002,MADIA-MUN-CAR,Caramoan,Lahos Island,"Caramoan, Camarines Sur",Island / sandbar beach,"An island stop listed by the provincial tourism website, with a sand connection between rock formations that is sensitive to tidal and weather conditions.",https://drive.google.com/file/d/1nbtN-um2DMsIlnZdiNqieH226OTtXniI/view,exact_attraction_image,"Lahos Island, Caramoan",/municipalities/caramoan/lahos-island,https://visitcamsur.com/places-to-go/islands,https://commons.wikimedia.org/wiki/File:Lahos_Island.jpg,"Photo by Itsmateoduh, CC BY-SA 4.0, via Wikimedia Commons; indicate modifications.",Explore attraction,Add to itinerary,published
3,MADIA-CAR-ATT-003,MADIA-MUN-CAR,Caramoan,Sabitang Laya Island,"Barangay Tabgon, Caramoan, Camarines Sur",Island / beach,"A Caramoan island and beach destination listed by the provincial tourism website and associated with boat-based visits, swimming, and coastal scenery.",https://drive.google.com/file/d/1dT2ObaCYu_K-EkM7GGwplh2SumBGP0CT/view,exact_attraction_image,"Sabitang Laya Island, Caramoan",/municipalities/caramoan/sabitang-laya-island,https://visitcamsur.com/places-to-go/islands,https://commons.wikimedia.org/wiki/File:Sabitang_Laya_Island.jpg,"Photo by Judith.arendaing, CC BY-SA 4.0, via Wikimedia Commons; indicate modifications.",Explore attraction,Add to itinerary,published
4,MADIA-CAR-ATT-004,MADIA-MUN-CAR,Caramoan,Manlawi Sandbar,"Barangay Lahuy Island area, Caramoan, Camarines Sur",Sandbar / tidal attraction,"A tidal sandbar associated with Lahuy Island and floating cottages, suitable for inclusion only with clear tide, weather, safety, access, and local-fee information.",https://drive.google.com/file/d/160xYls2ghM69J_JN5jg6u3mNXFp7hv06/view,exact_attraction_image,"Manlawi Sandbar, Caramoan",/municipalities/caramoan/manlawi-sandbar,"https://commons.wikimedia.org/wiki/File:Manlawi_Sandbar,_Caramoan_Island,_Camarines_Sur.jpg","https://commons.wikimedia.org/wiki/File:Manlawi_Sandbar,_Caramoan_Island,_Camarines_Sur.jpg","Photo by JannahTepace, CC BY-SA 4.0, via Wikimedia Commons; indicate modifications.",Explore attraction,Add to itinerary,published
5,MADIA-CAR-ATT-005,MADIA-MUN-CAR,Caramoan,Gota Beach,"Caramoan, Camarines Sur",Beach / cove,A beach area promoted within the Caramoan tourism landscape and used as a visitor access point for nearby coastal and island activities.,https://drive.google.com/file/d/1Nhq27kn24InLYjgwJ3u2zl2q3stWAlSR/view,exact_attraction_image,"Gota Beach, Caramoan",/municipalities/caramoan/gota-beach,https://visitcamsur.com/see-and-do/activities/water,https://commons.wikimedia.org/wiki/File:Caramoan_Gota_Beach_Front_I.jpg,"Photo by Francis Charles Brioso “Kabu Sawsaw”, CC BY-SA 4.0, via Wikimedia Commons; indicate modifications.",Explore attraction,Add to itinerary,published
6,MADIA-CAR-ATT-006,MADIA-MUN-CAR,Caramoan,Pitogo Island,"Caramoan, Camarines Sur",Island / pebble beach,An island appearing on the official provincial tourism website.,,branded_provincial_fallback,MADIA provincial visual for Pitogo Island in Caramoan,/municipalities/caramoan/pitogo-island,https://visitcamsur.com/places-to-go/islands,,,Explore attraction,Add to itinerary,published
7,MADIA-CAR-ATT-007,MADIA-MUN-CAR,Caramoan,Manipis Lagoon,"Caramoan, Camarines Sur",Lagoon / coastal attraction,"A lagoon / coastal attraction in Caramoan, Camarines Sur.",,branded_provincial_fallback,MADIA provincial visual for Manipis Lagoon in Caramoan,/municipalities/caramoan/manipis-lagoon,https://visitcamsur.com/see-and-do/activities/water,,,Explore attraction,Add to itinerary,published
8,MADIA-CAR-ATT-008,MADIA-MUN-CAR,Caramoan,Minalahos Island,"Caramoan, Camarines Sur",Island / rock formation,"An island / rock formation in Caramoan, Camarines Sur.",,branded_provincial_fallback,MADIA provincial visual for Minalahos Island in Caramoan,/municipalities/caramoan/minalahos-island,https://commons.wikimedia.org/wiki/Category:Caramoan,,,Explore attraction,Add to itinerary,published
9,MADIA-CAR-ATT-009,MADIA-MUN-CAR,Caramoan,Caramoan National Park,"Caramoan, Camarines Sur",Protected area / national park,"A protected area / national park in Caramoan, Camarines Sur.",,branded_provincial_fallback,MADIA provincial visual for Caramoan National Park in Caramoan,/municipalities/caramoan/caramoan-national-park,https://commons.wikimedia.org/wiki/Category:Caramoan,,,Explore attraction,Add to itinerary,published
10,MADIA-CAR-ATT-010,MADIA-MUN-CAR,Caramoan,Guinahoan Island and Lighthouse Viewpoint,"Caramoan, Camarines Sur",Island / viewpoint / lighthouse,"A island / viewpoint / lighthouse in Caramoan, Camarines Sur.",,branded_provincial_fallback,MADIA provincial visual for Guinahoan Island and Lighthouse Viewpoint in Caramoan,/municipalities/caramoan/guinahoan-island-and-lighthouse-viewpoint,https://commons.wikimedia.org/wiki/Category:Caramoan,,,Explore attraction,Add to itinerary,published
11,MADIA-GAR-ATT-001,MADIA-MUN-GAR,Garchitorena,Costa Rosa,"Garchitorena, Camarines Sur",Beach / Coastal Area,"A beach / coastal area in Garchitorena, Camarines Sur.",,branded_provincial_fallback,MADIA provincial visual for Costa Rosa in Garchitorena,/municipalities/garchitorena/costa-rosa,https://partidodevelopmentadministration.gov.ph/garchitorena/,,,Explore attraction,Add to itinerary,published
12,MADIA-GAR-ATT-002,MADIA-MUN-GAR,Garchitorena,Monteverde Island,"Garchitorena, Camarines Sur",Island,"A island in Garchitorena, Camarines Sur.",,branded_provincial_fallback,MADIA provincial visual for Monteverde Island in Garchitorena,/municipalities/garchitorena/monteverde-island,https://partidodevelopmentadministration.gov.ph/garchitorena/,,,Explore attraction,Add to itinerary,published
13,MADIA-GAR-ATT-003,MADIA-MUN-GAR,Garchitorena,Sibanban Island,"Garchitorena, Camarines Sur",Island,"A island in Garchitorena, Camarines Sur.",,branded_provincial_fallback,MADIA provincial visual for Sibanban Island in Garchitorena,/municipalities/garchitorena/sibanban-island,https://partidodevelopmentadministration.gov.ph/garchitorena/,,,Explore attraction,Add to itinerary,published
14,MADIA-GAR-ATT-004,MADIA-MUN-GAR,Garchitorena,Bani Island,"Garchitorena, Camarines Sur",Island,"A island in Garchitorena, Camarines Sur.",,branded_provincial_fallback,MADIA provincial visual for Bani Island in Garchitorena,/municipalities/garchitorena/bani-island,https://partidodevelopmentadministration.gov.ph/garchitorena/,,,Explore attraction,Add to itinerary,published
15,MADIA-GAR-ATT-005,MADIA-MUN-GAR,Garchitorena,Piglucaban Island,"Garchitorena, Camarines Sur",Island,"A island in Garchitorena, Camarines Sur.",,branded_provincial_fallback,MADIA provincial visual for Piglucaban Island in Garchitorena,/municipalities/garchitorena/piglucaban-island,https://partidodevelopmentadministration.gov.ph/garchitorena/,,,Explore attraction,Add to itinerary,published
16,MADIA-GAR-ATT-006,MADIA-MUN-GAR,Garchitorena,Baticorao Island,"Garchitorena, Camarines Sur",Island,"An island in Garchitorena, Camarines Sur.",,branded_provincial_fallback,MADIA provincial visual for Baticorao Island in Garchitorena,/municipalities/garchitorena/baticorao-island,https://partidodevelopmentadministration.gov.ph/garchitorena/,,,Explore attraction,Add to itinerary,published
17,MADIA-GAR-ATT-007,MADIA-MUN-GAR,Garchitorena,Gabao Hills,"Garchitorena, Camarines Sur",Viewpoint / Hills,"A viewpoint / hills in Garchitorena, Camarines Sur.",,branded_provincial_fallback,MADIA provincial visual for Gabao Hills in Garchitorena,/municipalities/garchitorena/gabao-hills,https://partidodevelopmentadministration.gov.ph/garchitorena/,,,Explore attraction,Add to itinerary,published
18,MADIA-GOA-ATT-001,MADIA-MUN-GOA,Goa,Mount Isarog access from Goa,"Goa, Camarines Sur",Mountain / Protected Landscape,"A mountain / protected landscape in Goa, Camarines Sur.",,branded_provincial_fallback,MADIA provincial visual for Mount Isarog access from Goa in Goa,/municipalities/goa/mount-isarog-access-from-goa,https://partidodevelopmentadministration.gov.ph/goa/,,,Explore attraction,Add to itinerary,published
19,MADIA-GOA-ATT-002,MADIA-MUN-GOA,Goa,Hiwacloy Sulfur Spring,"Goa, Camarines Sur",Spring / Nature Site,"A spring / nature site in Goa, Camarines Sur.",,branded_provincial_fallback,MADIA provincial visual for Hiwacloy Sulfur Spring in Goa,/municipalities/goa/hiwacloy-sulfur-spring,https://partidodevelopmentadministration.gov.ph/goa/,,,Explore attraction,Add to itinerary,published
20,MADIA-GOA-ATT-003,MADIA-MUN-GOA,Goa,Goa river and agricultural landscape,"Goa, Camarines Sur",River / Rural Landscape,"A river / rural landscape in Goa, Camarines Sur.",,branded_provincial_fallback,MADIA provincial visual for Goa river and agricultural landscape in Goa,/municipalities/goa/goa-river-and-agricultural-landscape,https://partidodevelopmentadministration.gov.ph/goa/,,,Explore attraction,Add to itinerary,published
21,MADIA-LAG-ATT-001,MADIA-MUN-LAG,Lagonoy,Bulan-ogan Falls,"Lagonoy, Camarines Sur",Waterfall,A waterfall destination identified by the Partido Development Administration.,,branded_provincial_fallback,MADIA provincial visual for Bulan-ogan Falls in Lagonoy,/municipalities/lagonoy/bulan-ogan-falls,https://partidodevelopmentadministration.gov.ph/lagonoy/,,,Explore attraction,Add to itinerary,published
22,MADIA-LAG-ATT-002,MADIA-MUN-LAG,Lagonoy,Dozen Caves,"Lagonoy, Camarines Sur",Cave System,"A cave system in Lagonoy, Camarines Sur.",,branded_provincial_fallback,MADIA provincial visual for Dozen Caves in Lagonoy,/municipalities/lagonoy/dozen-caves,https://partidodevelopmentadministration.gov.ph/lagonoy/,,,Explore attraction,Add to itinerary,published
23,MADIA-LAG-ATT-003,MADIA-MUN-LAG,Lagonoy,Lagonoy coastal barangays and shoreline,"Lagonoy, Camarines Sur",Coastal Area,"A coastal area in Lagonoy, Camarines Sur.",,branded_provincial_fallback,MADIA provincial visual for Lagonoy coastal barangays and shoreline in Lagonoy,/municipalities/lagonoy/lagonoy-coastal-barangays-and-shoreline,https://partidodevelopmentadministration.gov.ph/lagonoy/,,,Explore attraction,Add to itinerary,published
24,MADIA-PRE-ATT-001,MADIA-MUN-PRE,Presentacion,Aguirangan Island,"Presentacion, Camarines Sur",Island,"A island in Presentacion, Camarines Sur.",https://drive.google.com/file/d/1EDCtLu9lmXl28x4ZuK2zFJ3QGWewSe87/view,exact_attraction_image,"Aguirangan Island, Presentacion",/municipalities/presentacion/aguirangan-island,https://visitcamsur.com/places-to-go/islands,https://commons.wikimedia.org/wiki/File:Aguirangan_Island_in_Camarines_Sur_02.jpg,"Photo by Irvin Parco Sto. Tomas, CC BY-SA 4.0, via Wikimedia Commons; indicate modifications.",Explore attraction,Add to itinerary,published
25,MADIA-PRE-ATT-002,MADIA-MUN-PRE,Presentacion,Baliguian Falls,"Presentacion, Camarines Sur",Waterfall,A waterfall destination identified in official Partido tourism information.,,branded_provincial_fallback,MADIA provincial visual for Baliguian Falls in Presentacion,/municipalities/presentacion/baliguian-falls,https://partidodevelopmentadministration.gov.ph/presentacion/,,,Explore attraction,Add to itinerary,published
26,MADIA-PRE-ATT-003,MADIA-MUN-PRE,Presentacion,Maangas,"Presentacion, Camarines Sur",Mountain / Viewpoint,"A mountain / viewpoint in Presentacion, Camarines Sur.",,branded_provincial_fallback,MADIA provincial visual for Maangas in Presentacion,/municipalities/presentacion/maangas,https://partidodevelopmentadministration.gov.ph/presentacion/,,,Explore attraction,Add to itinerary,published
27,MADIA-PRE-ATT-004,MADIA-MUN-PRE,Presentacion,Bulalacao Cave,"Presentacion, Camarines Sur",Cave,"A cave in Presentacion, Camarines Sur.",,branded_provincial_fallback,MADIA provincial visual for Bulalacao Cave in Presentacion,/municipalities/presentacion/bulalacao-cave,https://partidodevelopmentadministration.gov.ph/presentacion/,,,Explore attraction,Add to itinerary,published
28,MADIA-SAG-ATT-001,MADIA-MUN-SAG,Sagñay,Atulayan Island,"Sagñay, Camarines Sur",Island,"A island in Sagñay, Camarines Sur.",https://drive.google.com/file/d/11xMvI-L64M1TdKDEjTHMt0bWTZqNdS1m/view,exact_attraction_image,"Atulayan Island, Sagñay",/municipalities/sagnay/atulayan-island,https://visitcamsur.com/places-to-go/islands,https://commons.wikimedia.org/wiki/File:Atulayan_Island_01.jpg,"Photo by Maffeth.opiana, CC BY-SA 4.0, via Wikimedia Commons; indicate modifications.",Explore attraction,Add to itinerary,published
29,MADIA-SAG-ATT-002,MADIA-MUN-SAG,Sagñay,Cagbalogo Beach,"Sagñay, Camarines Sur",Beach,"A beach in Sagñay, Camarines Sur.",,branded_provincial_fallback,MADIA provincial visual for Cagbalogo Beach in Sagñay,/municipalities/sagnay/cagbalogo-beach,https://partidodevelopmentadministration.gov.ph/sagnay/,,,Explore attraction,Add to itinerary,published
30,MADIA-SAG-ATT-003,MADIA-MUN-SAG,Sagñay,Gorda Point,"Sagñay, Camarines Sur",Coastal Viewpoint,"A coastal viewpoint in Sagñay, Camarines Sur.",,branded_provincial_fallback,MADIA provincial visual for Gorda Point in Sagñay,/municipalities/sagnay/gorda-point,https://partidodevelopmentadministration.gov.ph/sagnay/,,,Explore attraction,Add to itinerary,published
31,MADIA-SAG-ATT-004,MADIA-MUN-SAG,Sagñay,Patitinan White Beach,"Sagñay, Camarines Sur",Beach,"A beach in Sagñay, Camarines Sur.",,branded_provincial_fallback,MADIA provincial visual for Patitinan White Beach in Sagñay,/municipalities/sagnay/patitinan-white-beach,https://visitcamsur.com/places-to-go/beaches,,,Explore attraction,Add to itinerary,published
32,MADIA-SJO-ATT-001,MADIA-MUN-SJO,San Jose,Sabang Beach,"San Jose, Camarines Sur",Beach,"A beach in San Jose, Camarines Sur.",https://drive.google.com/file/d/18fwpHdXXuj8HdCOw-B54X6Y_KnaCEgyp/view,exact_attraction_image,"Sabang Beach, San Jose",/municipalities/san-jose/sabang-beach,https://partidodevelopmentadministration.gov.ph/san-jose/,"https://commons.wikimedia.org/wiki/File:Sabang_Beach,_San_Jose,_Camarines_Sur_(2022).jpg","Photo by Ralff Nestor Nacor, CC BY-SA 4.0, via Wikimedia Commons; indicate modifications.",Explore attraction,Add to itinerary,published
33,MADIA-SJO-ATT-002,MADIA-MUN-SJO,San Jose,Adiangao Cave,"San Jose, Camarines Sur",Cave,"A cave in San Jose, Camarines Sur.",,branded_provincial_fallback,MADIA provincial visual for Adiangao Cave in San Jose,/municipalities/san-jose/adiangao-cave,https://www.facebook.com/search/top?q=Adiangao%20Cave%20San%20Jose%20Camarines%20Sur,,,Explore attraction,Add to itinerary,published
34,MADIA-SIR-ATT-001,MADIA-MUN-SIR,Siruma,Butawanan Island,"Siruma, Camarines Sur",Island / Coastal Area,An offshore-island destination associated with Siruma’s marine environment.,,branded_provincial_fallback,MADIA provincial visual for Butawanan Island in Siruma,/municipalities/siruma/butawanan-island,https://partidodevelopmentadministration.gov.ph/siruma/,,,Explore attraction,Add to itinerary,published
35,MADIA-SIR-ATT-002,MADIA-MUN-SIR,Siruma,Siruma diving and underwater environment,"Siruma, Camarines Sur",Coastal / Marine Area,"A coastal / marine area in Siruma, Camarines Sur.",,branded_provincial_fallback,MADIA provincial visual for Siruma diving and underwater environment in Siruma,/municipalities/siruma/siruma-diving-and-underwater-environment,https://partidodevelopmentadministration.gov.ph/siruma/,,,Explore attraction,Add to itinerary,published
36,MADIA-SIR-ATT-003,MADIA-MUN-SIR,Siruma,Suhoton coastal area,"Siruma, Camarines Sur",Beach / Coastal Area,"A beach / coastal area in Siruma, Camarines Sur.",,branded_provincial_fallback,MADIA provincial visual for Suhoton coastal area in Siruma,/municipalities/siruma/suhoton-coastal-area,https://tourism.naga.gov.ph/metronaga-tres/suhoton-siruma/,,,Explore attraction,Add to itinerary,published
37,MADIA-SIR-ATT-004,MADIA-MUN-SIR,Siruma,"Green Rock, Matandang Siruma Island","Siruma, Camarines Sur",Private Island / Beach,"A private island / beach in Siruma, Camarines Sur.",,branded_provincial_fallback,"MADIA provincial visual for Green Rock, Matandang Siruma Island in Siruma",/municipalities/siruma/green-rock-matandang-siruma-island,https://www.greenrocksiruma.com/,,,Explore attraction,Add to itinerary,published
38,MADIA-TIG-ATT-001,MADIA-MUN-TIG,Tigaon,Tumagithi Falls,"Tigaon, Camarines Sur",Waterfall,"A waterfall in Tigaon, Camarines Sur.",https://drive.google.com/file/d/1HnBGIhSdJm8HwS3SEGra7NgOHqmoD6CQ/view,exact_attraction_image,"Tumagithi Falls, Tigaon",/municipalities/tigaon/tumagithi-falls,https://partidodevelopmentadministration.gov.ph/tigaon/,"https://commons.wikimedia.org/wiki/File:Tumagiti_Falls,_Mount_Isarog.jpg","Photo by Irvin Parco Sto. Tomas, CC BY-SA 4.0, via Wikimedia Commons; indicate modifications.",Explore attraction,Add to itinerary,published
39,MADIA-TIG-ATT-002,MADIA-MUN-TIG,Tigaon,Kawa-kawa,"Tigaon, Camarines Sur",Waterfall / Rock Pool,A nature-site associated with pools or waterfall formations.,,branded_provincial_fallback,MADIA provincial visual for Kawa-kawa in Tigaon,/municipalities/tigaon/kawa-kawa,https://partidodevelopmentadministration.gov.ph/tigaon/,,,Explore attraction,Add to itinerary,published
40,MADIA-TIG-ATT-003,MADIA-MUN-TIG,Tigaon,Bulalacao natural site,"Tigaon, Camarines Sur",Waterfall / Cave,"A waterfall / cave in Tigaon, Camarines Sur.",,branded_provincial_fallback,MADIA provincial visual for Bulalacao natural site in Tigaon,/municipalities/tigaon/bulalacao-natural-site,https://partidodevelopmentadministration.gov.ph/tigaon/,,,Explore attraction,Add to itinerary,published
41,MADIA-TIG-ATT-004,MADIA-MUN-TIG,Tigaon,Consocep and Mount Isarog access,"Tigaon, Camarines Sur",Mountain / Forest Access,"A mountain / forest access in Tigaon, Camarines Sur.",https://drive.google.com/file/d/1_BPsqbIkIjgQuwR69SCV6CHCMkbF49Rb/view,exact_attraction_image,"Consocep and Mount Isarog access, Tigaon",/municipalities/tigaon/consocep-and-mount-isarog-access,https://partidodevelopmentadministration.gov.ph/tigaon/,"https://commons.wikimedia.org/wiki/File:Consosep,_Mount_Isarog_National_Park_-_Tigaon.jpg","Photo by Irvin Parco Sto. Tomas, CC BY-SA 4.0, via Wikimedia Commons; indicate modifications.",Explore attraction,Add to itinerary,published
42,MADIA-TIN-ATT-001,MADIA-MUN-TIN,Tinambac,Caloco Beach,"Barangay Caloco, Tinambac, Camarines Sur",Beach,"A beach in Tinambac, Camarines Sur.",https://drive.google.com/file/d/1AUF4Cr2yXYaiv7oIIyKWG4YGEthqh-gL/view,exact_attraction_image,"Caloco Beach, Tinambac",/municipalities/tinambac/caloco-beach,https://tinambac.gov.ph/reviving-paradise-mayor-bobit-leads-the-caloco-beach-comeback/,"https://commons.wikimedia.org/wiki/File:Caloco_Beach_of_Tinambac,_Camarines_Sur.jpg","Photo by Rommel Nats, CC BY-SA 4.0, via Wikimedia Commons; indicate modifications.",Explore attraction,Add to itinerary,published
43,MADIA-TIN-ATT-002,MADIA-MUN-TIN,Tinambac,Tinambac coastal mangrove areas,"Tinambac, Camarines Sur",Coastal / Mangrove Area,A nature and conservation tourism cluster reflecting Tinambac’s extensive coast.,,branded_provincial_fallback,MADIA provincial visual for Tinambac coastal mangrove areas in Tinambac,/municipalities/tinambac/tinambac-coastal-mangrove-areas,https://tinambac.gov.ph/tourism/,,,Explore attraction,Add to itinerary,published
44,MADIA-TIN-ATT-003,MADIA-MUN-TIN,Tinambac,Tinawagan Hills,"Tinambac, Camarines Sur",Coastal Viewpoint / Hills,"A coastal viewpoint / hills in Tinambac, Camarines Sur.",,branded_provincial_fallback,MADIA provincial visual for Tinawagan Hills in Tinambac,/municipalities/tinambac/tinawagan-hills,https://bicoltravelguides.com/tinawagan-hills-camarines-sur-the-overlooked-gem-of-mountain-and-sea-views/,,,Explore attraction,Add to itinerary,published
45,MADIA-TIN-ATT-004,MADIA-MUN-TIN,Tinambac,Suntuario Beach Camp,"Barangay San Antonio, Tinambac, Camarines Sur",Beach / Camp,"A beach / camp in Tinambac, Camarines Sur.",,branded_provincial_fallback,MADIA provincial visual for Suntuario Beach Camp in Tinambac,/municipalities/tinambac/suntuario-beach-camp,https://www.reddit.com/r/ITookAPicturePH/comments/1cqopxv/,,,Explore attraction,Add to itinerary,published
46,MADIA-TIN-ATT-005,MADIA-MUN-TIN,Tinambac,Cagliliog coastal area,"Tinambac, Camarines Sur",Beach / Resort Area,"A beach / resort area in Tinambac, Camarines Sur.",,branded_provincial_fallback,MADIA provincial visual for Cagliliog coastal area in Tinambac,/municipalities/tinambac/cagliliog-coastal-area,https://www.reddit.com/r/Bicol/comments/1k88q6c/,,,Explore attraction,Add to itinerary,published
47,MADIA-GAR-ATT-008,MADIA-MUN-GAR,Garchitorena,Garchitorena Lagoon,"Garchitorena, Camarines Sur",Lagoon / beach,A clear coastal lagoon and sandbar setting photographed in Garchitorena.,https://drive.google.com/file/d/1GqTpKEzgQgMPn_4WaKdRk6Ab1L93PuHe/view,exact_attraction_image,"Garchitorena Lagoon, Garchitorena",/municipalities/garchitorena/garchitorena-lagoon,https://commons.wikimedia.org/wiki/File:A_Lagoon_in_Garchitorena.jpg,https://commons.wikimedia.org/wiki/File:A_Lagoon_in_Garchitorena.jpg,"Photo by Dos Padayon, CC BY-SA 4.0, via Wikimedia Commons; indicate modifications.",Explore attraction,Add to itinerary,published
48,MADIA-LAG-ATT-004,MADIA-MUN-LAG,Lagonoy,Kinahulogan Falls,"Lagonoy, Camarines Sur",Waterfall,A documented waterfall in Lagonoy with a multi-tiered cascade over rock formations.,https://drive.google.com/file/d/13_0jvf-dbWUxZJVOSkPobo0gUm8CRDEH/view,exact_attraction_image,"Kinahulogan Falls, Lagonoy",/municipalities/lagonoy/kinahulogan-falls,"https://commons.wikimedia.org/wiki/File:Kinahulogan_Falls,_Lagonoy.jpg","https://commons.wikimedia.org/wiki/File:Kinahulogan_Falls,_Lagonoy.jpg","Photo by MarvinBikolano, CC BY-SA 4.0, via Wikimedia Commons; indicate modifications.",Explore attraction,Add to itinerary,published
49,MADIA-SAG-ATT-005,MADIA-MUN-SAG,Sagñay,Nato Beach,"Barangay Nato, Sagñay, Camarines Sur",Beach,"A beach in Sagñay, Camarines Sur.",https://drive.google.com/file/d/1vUrl71eKmBYE6w3nTW4DSGZzA48ZUrGw/view,exact_attraction_image,"Nato Beach, Sagñay",/municipalities/sagnay/nato-beach,"https://commons.wikimedia.org/wiki/File:Nato_Beach,_Sagñay,_Camarines_Sur.jpg","https://commons.wikimedia.org/wiki/File:Nato_Beach,_Sagñay,_Camarines_Sur.jpg","Photo by Ralff Nestor Nacor, CC BY-SA 4.0, via Wikimedia Commons; indicate modifications.",Explore attraction,Add to itinerary,published
50,MADIA-SIR-ATT-005,MADIA-MUN-SIR,Siruma,Angelica Beach,"Siruma, Camarines Sur",Beach,"A beach in Siruma, Camarines Sur.",https://drive.google.com/file/d/1LrhQOfwSOpZbQelMuDzoXCil9f_19jl7/view,exact_attraction_image,"Angelica Beach, Siruma",/municipalities/siruma/angelica-beach,"https://commons.wikimedia.org/wiki/File:Angelica_Beach_in_Siruma,_Camarines_Sur.jpg","https://commons.wikimedia.org/wiki/File:Angelica_Beach_in_Siruma,_Camarines_Sur.jpg","Photo by Irvin Parco Sto. Tomas, CC BY-SA 4.0, via Wikimedia Commons; indicate modifications.",Explore attraction,Add to itinerary,published
51,MADIA-GAR-ATT-009,MADIA-MUN-GAR,Garchitorena,Garchitorena Island,"Garchitorena, Camarines Sur",Island,"A island in Garchitorena, Camarines Sur.",https://drive.google.com/file/d/1g7wE3TYAbOMWS-6c9OWw4WU3D4XXRNzn/view,exact_attraction_image,"Garchitorena Island, Garchitorena",/municipalities/garchitorena/garchitorena-island-working-lead,https://commons.wikimedia.org/wiki/File:An_Island_in_Garchitorena.jpg,https://commons.wikimedia.org/wiki/File:An_Island_in_Garchitorena.jpg,"Photo by Dos Padayon, CC BY-SA 4.0, via Wikimedia Commons; indicate modifications.",Explore attraction,Add to itinerary,published
52,MADIA-PRE-ATT-005,MADIA-MUN-PRE,Presentacion,Presentacion town and coastal view,"Presentacion, Camarines Sur",Townscape / coastal viewpoint,A broad town-and-coast view showing Presentacion within the Lagonoy Gulf landscape.,https://drive.google.com/file/d/1V0xdJu6ibfuDCC2tpMPObeeAyLI9W0fM/view,exact_attraction_image,"Presentacion town and coastal view, Presentacion",/municipalities/presentacion/town-and-coastal-view,https://commons.wikimedia.org/wiki/File:Presentacion_town_in_Camarines_Sur.jpg,https://commons.wikimedia.org/wiki/File:Presentacion_town_in_Camarines_Sur.jpg,"Photo by Irvin Parco Sto. Tomas, CC BY-SA 4.0, via Wikimedia Commons; indicate modifications.",Explore attraction,Add to itinerary,published
53,MADIA-SIR-ATT-006,MADIA-MUN-SIR,Siruma,Siruma coastal landscape,"Siruma, Camarines Sur",Coastal landscape,A wide coastal landscape of Siruma documenting its marine and mountainous setting.,https://drive.google.com/file/d/1uCn8GVOtiFHnJE_bLCHFf_aABW9YD-0G/view,exact_attraction_image,"Siruma coastal landscape, Siruma",/municipalities/siruma/coastal-landscape,"https://commons.wikimedia.org/wiki/File:Siruma,_Camarines_Sur.jpg","https://commons.wikimedia.org/wiki/File:Siruma,_Camarines_Sur.jpg","Photo by Irvin Parco Sto. Tomas, CC BY-SA 4.0, via Wikimedia Commons; indicate modifications.",Explore attraction,Add to itinerary,published
54,MADIA-LAG-ATT-005,MADIA-MUN-LAG,Lagonoy,Lagonoy River,"Lagonoy, Camarines Sur",River,A documented river landscape in Lagonoy with forested mountain surroundings.,https://drive.google.com/file/d/15fz5OdOC8vRDV0Ki-BvzSVSLJhRnqypW/view,exact_attraction_image,"Lagonoy River, Lagonoy",/municipalities/lagonoy/lagonoy-river,https://commons.wikimedia.org/wiki/File:Lagonoy_River.jpg,https://commons.wikimedia.org/wiki/File:Lagonoy_River.jpg,Retain the source-page link and complete creator/license review before public use.,Explore attraction,Add to itinerary,published
55,MADIA-GAR-ATT-010,MADIA-MUN-GAR,Garchitorena,Le Isla Pighaluban,"Garchitorena, Camarines Sur",Island / beach,An island and beach destination in Garchitorena.,https://drive.google.com/file/d/1HoQmhwgHHcJ9zxAICXAlztci_tuMhlkV/view,exact_attraction_image,"Le Isla Pighaluban, Garchitorena",/municipalities/garchitorena/le-isla-pighaluban,"https://commons.wikimedia.org/wiki/File:The_beauty_of_Le_Isla_Pighaluban_in_Garchitorena,_Camarines_Sur,_Bicol,_Philippines.jpg","https://commons.wikimedia.org/wiki/File:The_beauty_of_Le_Isla_Pighaluban_in_Garchitorena,_Camarines_Sur,_Bicol,_Philippines.jpg","Photo by Dos Padayon, CC BY-SA 4.0, via Wikimedia Commons; indicate modifications.",Explore attraction,Add to itinerary,published
56,MADIA-PRE-ATT-006,MADIA-MUN-PRE,Presentacion,Aguirangan Rose Island,"Presentacion, Camarines Sur",Island / beach,"A small island in Presentacion with white sand, clear water and coconut vegetation, documented through a current reusable image.",https://drive.google.com/file/d/1JwtYEut6e4SWbDvPrCRLtTOej_mxnug1/view,exact_attraction_image,"Aguirangan Rose Island, Presentacion",/municipalities/presentacion/rose-island,https://commons.wikimedia.org/wiki/File:View_of_Rose_Island.jpg,https://commons.wikimedia.org/wiki/File:View_of_Rose_Island.jpg,"Photo by Dos Padayon, CC BY-SA 4.0, via Wikimedia Commons; indicate modifications.",Explore attraction,Add to itinerary,published
57,MADIA-CAR-ATT-011,MADIA-MUN-CAR,Caramoan,Caramoan Peninsula,"Caramoan, Camarines Sur",Peninsula / coastal landscape,"A wide landscape view of the Caramoan Peninsula associated with the municipality’s limestone, island and coastal tourism setting.",https://drive.google.com/file/d/1B548bDPWcyGpxHnV3g4ZzA6SreHRzRaw/view,exact_attraction_image,"Caramoan Peninsula, Caramoan",/municipalities/caramoan/caramoan-peninsula,"https://commons.wikimedia.org/wiki/File:Caramoan_Peninsula,_Camarines_Sur.jpg","https://commons.wikimedia.org/wiki/File:Caramoan_Peninsula,_Camarines_Sur.jpg","Photo by JannahTepace, CC BY-SA 4.0, via Wikimedia Commons; indicate modifications.",Explore attraction,Add to itinerary,published
