source_id,source_title,source_organization,source_type,source_url,publication_date,date_accessed,authority_level,license_or_terms,verification_status,notes
SRC-CAR-001,Municipality of Caramoan – PSGC,Philippine Statistics Authority,PSA,https://psa.gov.ph/classification/psgc/barangays/0501711000,,2026-06-29,Government primary,Media reuse terms not confirmed unless separately recorded in photo manifest.,PARTIALLY VERIFIED,Authoritative identity source; not polygon geometry.
SRC-CAR-002,Islands in Camarines Sur,Visit CamSur / Provincial Government of Camarines Sur,Official tourism,https://visitcamsur.com/places-to-go/islands,,2026-06-29,Government tourism primary,Media reuse terms not confirmed unless separately recorded in photo manifest.,PARTIALLY VERIFIED,Use text facts with attribution; image reuse terms not yet verified.
SRC-CAR-003,Water Activities in CamSur,Visit CamSur / Provincial Government of Camarines Sur,Official tourism,https://visitcamsur.com/see-and-do/activities/water,,2026-06-29,Government tourism primary,Media reuse terms not confirmed unless separately recorded in photo manifest.,PARTIALLY VERIFIED,Image reuse terms not yet verified.
SRC-CAR-004,Isla Carahan Festival,Tourism Promotions Board Philippines,Government event,https://tpb.gov.ph/events/isla-carahan-festival/,,2026-06-29,Government primary,Media reuse terms not confirmed unless separately recorded in photo manifest.,PARTIALLY VERIFIED,Exact annual program still requires current LGU announcement.
SRC-CAR-005,Tugawe Cove Resort – Reservations,Tugawe Cove Resort,Official establishment,https://www.tugawecoveresort.com/en/reservation/1000,,2026-06-29,Official business primary,Media reuse terms not confirmed unless separately recorded in photo manifest.,PARTIALLY VERIFIED,Rates are dynamic and were not transcribed.
SRC-CAR-006,Tugawe Cove Resort – Rooms,Tugawe Cove Resort,Official establishment,https://www.tugawecoveresort.com/en/rooms,,2026-06-29,Official business primary,Media reuse terms not confirmed unless separately recorded in photo manifest.,PARTIALLY VERIFIED,Exact room inventory and amenities require page-by-page validation.
SRC-CAR-007,Residencia de Salvacion,Residencia de Salvacion,Official establishment,https://residenciadesalvacion.weebly.com/,,2026-06-29,Official/owner-controlled source,Media reuse terms not confirmed unless separately recorded in photo manifest.,PARTIALLY VERIFIED,Current operating details and rates require direct confirmation.
SRC-CAR-008,Paniman Bay Lodge,Expedia,Booking platform,https://www.expedia.com.ph/Caramoan-Hotels-Paniman-Bay-Lodge.h29078199.Hotel-Information,,2026-06-29,Secondary commercial source,Media reuse terms not confirmed unless separately recorded in photo manifest.,PARTIALLY VERIFIED,Rates and amenities vary; verify with owner.
SRC-CAR-009,Gota Village Resort,Expedia,Booking platform,https://www.expedia.com/Caramoan-Hotels-Gota-Village-Resort.h6657004.Hotel-Information/,,2026-06-29,Secondary commercial source,Media reuse terms not confirmed unless separately recorded in photo manifest.,PARTIALLY VERIFIED,Official current operator details not yet confirmed.
SRC-CAR-010,Kape Real,Wanderlog linking to official Facebook,Directory/official link lead,https://wanderlog.com/place/details/10831549/kape-real,,2026-06-29,Secondary directory,Media reuse terms not confirmed unless separately recorded in photo manifest.,PARTIALLY VERIFIED,"Confirm active status, hours, menu, and prices from official page."
SRC-CAR-011,Caramo-tan Grill and Restobar,Bizippines,Business directory,https://www.bizippines.com/caramo-tan-grill-and-restobar_1k-0995-039-8741,,2026-06-29,Secondary directory,Media reuse terms not confirmed unless separately recorded in photo manifest.,PARTIALLY VERIFIED,Not sufficient alone for public listing.
SRC-CAR-012,Wowoy's Seafood Island,Bizippines,Business directory,https://www.bizippines.com/wowoys-seafood-island-0917-654-8623,,2026-06-29,Secondary directory,Media reuse terms not confirmed unless separately recorded in photo manifest.,PARTIALLY VERIFIED,Not sufficient alone for public listing.
SRC-CAR-013,Alwin's Tapsihan,Bizippines,Business directory,https://www.bizippines.com/alwins-tapsihan-0948-462-3202,,2026-06-29,Secondary directory,Media reuse terms not confirmed unless separately recorded in photo manifest.,PARTIALLY VERIFIED,Not sufficient alone for public listing.
SRC-CAR-014,"MRR Transport schedule, terminal and contact details",CommuteTour Philippines,Transport guide,https://ph.commutetour.com/travel/transport/bus/mrr-trans/,,2026-06-29,Secondary transport guide,Media reuse terms not confirmed unless separately recorded in photo manifest.,PARTIALLY VERIFIED,Site disclaims affiliation and warns schedules/fares may change; operator confirmation required.
SRC-CAR-015,Caramoan–Naga early transport discussion,Reddit r/Bicol,Community report,https://www.reddit.com/r/Bicol/comments/1tm5wyr/what_time_ang_unang_byahe_ng_bus_or_van_from/,,2026-06-29,Community anecdotal,Media reuse terms not confirmed unless separately recorded in photo manifest.,PARTIALLY VERIFIED,Do not publish schedule or contact until locally verified.
SRC-CAR-016,Caramoan Rural Health Unit – TML,Department of Health National TB Control Program,Government health registry,https://ntp.doh.gov.ph/view-facility/?id=2424,,2026-06-29,Government primary,Media reuse terms not confirmed unless separately recorded in photo manifest.,PARTIALLY VERIFIED,"Full address, emergency contact, and service hours still required."
SRC-CAR-017,Saint Michael the Archangel Parish – Caramoan,ParishPH,Church directory,https://www.parishph.com/2022/01/saint-michael-archangel-parish-caramoan.html,,2026-06-29,Secondary religious directory,Media reuse terms not confirmed unless separately recorded in photo manifest.,PARTIALLY VERIFIED,Confirm historical details with parish/archdiocese.
SRC-CAR-018,Our Lady of Peace and Good Voyage Parish – Guijalo,ParishPH,Church directory,https://www.parishph.com/2022/01/our-lady-of-peace-and-good-voyage-parish-caramoan.html,,2026-06-29,Secondary religious directory,Media reuse terms not confirmed unless separately recorded in photo manifest.,PARTIALLY VERIFIED,Confirm with parish/archdiocese.
SRC-CAR-019,Saint Anthony of Padua Parish – Bikal,ParishPH,Church directory,https://www.parishph.com/2022/01/saint-anthony-of-padua-parish-caramoan.html,,2026-06-29,Secondary religious directory,Media reuse terms not confirmed unless separately recorded in photo manifest.,PARTIALLY VERIFIED,Confirm with parish/archdiocese.
SRC-CAR-020,Saint Dominic of Guzman Parish – Tabgon,ParishPH,Church directory,https://www.parishph.com/2022/01/saint-dominic-of-guzman-parish-caramoan.html,,2026-06-29,Secondary religious directory,Media reuse terms not confirmed unless separately recorded in photo manifest.,PARTIALLY VERIFIED,Confirm with parish/archdiocese.
SRC-CAR-021,Caramoan Gota Beach Front I.jpg,Wikimedia Commons,Photo file page,https://commons.wikimedia.org/wiki/File:Caramoan_Gota_Beach_Front_I.jpg,,2026-06-29,Exact reusable-media source,Media reuse terms not confirmed unless separately recorded in photo manifest.,PARTIALLY VERIFIED,Approved as potential app asset subject to attribution/share-alike compliance.
SRC-CAR-022,"Manlawi Sandbar, Caramoan Island, Camarines Sur.jpg",Wikimedia Commons,Photo file page,"https://commons.wikimedia.org/wiki/File:Manlawi_Sandbar,_Caramoan_Island,_Camarines_Sur.jpg",,2026-06-29,Exact reusable-media source,Media reuse terms not confirmed unless separately recorded in photo manifest.,PARTIALLY VERIFIED,Approved as potential app asset subject to attribution/share-alike compliance.
SRC-CAR-023,Lahos Island.jpg,Wikimedia Commons,Photo file page,https://commons.wikimedia.org/wiki/File:Lahos_Island.jpg,,2026-06-29,Exact reusable-media source,Media reuse terms not confirmed unless separately recorded in photo manifest.,PARTIALLY VERIFIED,Approved as potential app asset subject to attribution/share-alike compliance.
SRC-CAR-024,Sabitang Laya Island.jpg,Wikimedia Commons,Photo file page,https://commons.wikimedia.org/wiki/File:Sabitang_Laya_Island.jpg,,2026-06-29,Exact reusable-media source,Media reuse terms not confirmed unless separately recorded in photo manifest.,PARTIALLY VERIFIED,Approved as potential app asset subject to attribution/share-alike compliance.
SRC-CAR-025,Caramoan media category,Wikimedia Commons,Photo category,https://commons.wikimedia.org/wiki/Category:Caramoan,,2026-06-29,Reusable-media lead source,Media reuse terms not confirmed unless separately recorded in photo manifest.,PARTIALLY VERIFIED,Each exact file page must be reviewed separately before approval.
SRC-CAR-026,Geoportal Philippines municipal boundary,Geoportal Philippines / NAMRIA,Government geospatial,https://www.geoportal.gov.ph/,,2026-06-29,Government geospatial source,Media reuse terms not confirmed unless separately recorded in photo manifest.,PARTIALLY VERIFIED,Prototype/comparison only; retain APPROXIMATE classification.
SRC-CAR-027,NAMRIA products and services,NAMRIA,Government geospatial,https://www.namria.gov.ph/,,2026-06-29,Government primary,Media reuse terms not confirmed unless separately recorded in photo manifest.,PARTIALLY VERIFIED,Exact product and reuse terms require formal request.
SRC-CAR-028,Philippines OpenStreetMap extract,Geofabrik / OpenStreetMap contributors,Open geospatial,https://download.geofabrik.de/asia/philippines.html,,2026-06-29,Open data secondary/reference,Media reuse terms not confirmed unless separately recorded in photo manifest.,PARTIALLY VERIFIED,ODbL attribution and derivative-database obligations apply.
MADIA-SRC-001,Garchitorena source page,LGU / government tourism source,Website,https://partidodevelopmentadministration.gov.ph/garchitorena/,,2026-06-29,Primary,Government/public website; media reuse must be checked separately,PARTIALLY VERIFIED,Source content and recency should be rechecked before public deployment.
MADIA-SRC-002,Goa source page,LGU / government tourism source,Website,https://partidodevelopmentadministration.gov.ph/goa/,,2026-06-29,Primary,Government/public website; media reuse must be checked separately,PARTIALLY VERIFIED,Source content and recency should be rechecked before public deployment.
MADIA-SRC-003,Goa source page,LGU / government tourism source,Website,https://tourism.naga.gov.ph/metronaga-tres/st-john-the-baptist-parish-church-goa/,,2026-06-29,Primary,Government/public website; media reuse must be checked separately,PARTIALLY VERIFIED,Source content and recency should be rechecked before public deployment.
MADIA-SRC-004,Goa source page,LGU / government tourism source,Website,https://tourism.naga.gov.ph/metronaga-tres/st-martin-de-porres-parish-church-goa/,,2026-06-29,Primary,Government/public website; media reuse must be checked separately,PARTIALLY VERIFIED,Source content and recency should be rechecked before public deployment.
MADIA-SRC-005,Goa source page,LGU / government tourism source,Website,https://tourism.naga.gov.ph/metronaga-tres/st-luke-the-evangelist-parish-church-goa/,,2026-06-29,Primary,Government/public website; media reuse must be checked separately,PARTIALLY VERIFIED,Source content and recency should be rechecked before public deployment.
MADIA-SRC-006,Goa source page,Establishment or secondary source,Website,https://www.bizippines.com/obias-inn-0929-230-2022,,2026-06-29,Secondary,Not confirmed,PARTIALLY VERIFIED,Source content and recency should be rechecked before public deployment.
MADIA-SRC-007,Goa source page,Establishment or secondary source,Website,https://www.bizippines.com/craigville-resort-and-recreation-center-0917-554-5884,,2026-06-29,Secondary,Not confirmed,PARTIALLY VERIFIED,Source content and recency should be rechecked before public deployment.
MADIA-SRC-008,Lagonoy source page,LGU / government tourism source,Website,https://partidodevelopmentadministration.gov.ph/lagonoy/,,2026-06-29,Primary,Government/public website; media reuse must be checked separately,PARTIALLY VERIFIED,Source content and recency should be rechecked before public deployment.
MADIA-SRC-009,Lagonoy source page,LGU / government tourism source,Website,https://tourism.naga.gov.ph/metronaga-tres/saints-philip-and-james-the-apostles-parish-church-lagonoy/,,2026-06-29,Primary,Government/public website; media reuse must be checked separately,PARTIALLY VERIFIED,Source content and recency should be rechecked before public deployment.
MADIA-SRC-010,Lagonoy source page,Establishment or secondary source,Website,https://www.skyscanner.jp/hotels/philippines/pulang-daga-hotels/lolo-eyong-s-farm-retreat-and-resort/ht-223759962,,2026-06-29,Secondary,Not confirmed,PARTIALLY VERIFIED,Source content and recency should be rechecked before public deployment.
MADIA-SRC-011,Lagonoy source page,Establishment or secondary source,Website,https://www.facebook.com/search/top?q=Samhod%20Festival%20Lagonoy,,2026-06-29,Secondary,Not confirmed,PARTIALLY VERIFIED,Source content and recency should be rechecked before public deployment.
MADIA-SRC-012,Presentacion source page,LGU / government tourism source,Website,https://visitcamsur.com/places-to-go/islands,,2026-06-29,Primary,Government/public website; media reuse must be checked separately,PARTIALLY VERIFIED,Source content and recency should be rechecked before public deployment.
MADIA-SRC-013,Presentacion source page,LGU / government tourism source,Website,https://partidodevelopmentadministration.gov.ph/presentacion/,,2026-06-29,Primary,Government/public website; media reuse must be checked separately,PARTIALLY VERIFIED,Source content and recency should be rechecked before public deployment.
MADIA-SRC-014,Presentacion source page,Establishment or secondary source,Website,https://www.facebook.com/search/top?q=Aguirangan%20View%20Beach%20Hotel,,2026-06-29,Secondary,Not confirmed,PARTIALLY VERIFIED,Source content and recency should be rechecked before public deployment.
MADIA-SRC-015,Sagñay source page,LGU / government tourism source,Website,https://partidodevelopmentadministration.gov.ph/sagnay/,,2026-06-29,Primary,Government/public website; media reuse must be checked separately,PARTIALLY VERIFIED,Source content and recency should be rechecked before public deployment.
MADIA-SRC-016,Sagñay source page,LGU / government tourism source,Website,https://visitcamsur.com/places-to-go/beaches,,2026-06-29,Primary,Government/public website; media reuse must be checked separately,PARTIALLY VERIFIED,Source content and recency should be rechecked before public deployment.
MADIA-SRC-017,Sagñay source page,LGU / government tourism source,Website,https://tpb.gov.ph/events/guipao-festival/,,2026-06-29,Primary,Government/public website; media reuse must be checked separately,PARTIALLY VERIFIED,Source content and recency should be rechecked before public deployment.
MADIA-SRC-018,Sagñay source page,Establishment or secondary source,Website,https://www.facebook.com/search/top?q=Andemi%20Beach%20Resort%20Sagnay,,2026-06-29,Secondary,Not confirmed,PARTIALLY VERIFIED,Source content and recency should be rechecked before public deployment.
MADIA-SRC-019,Sagñay source page,Establishment or secondary source,Website,https://www.facebook.com/search/top?q=TouRESTin%20Beach%20Resort%20Sagnay,,2026-06-29,Secondary,Not confirmed,PARTIALLY VERIFIED,Source content and recency should be rechecked before public deployment.
MADIA-SRC-020,Sagñay source page,Establishment or secondary source,Website,https://www.facebook.com/search/top?q=Mahayahay%20Beach%20Resort%20Sagnay,,2026-06-29,Secondary,Not confirmed,PARTIALLY VERIFIED,Source content and recency should be rechecked before public deployment.
MADIA-SRC-021,San Jose source page,LGU / government tourism source,Website,https://partidodevelopmentadministration.gov.ph/san-jose/,,2026-06-29,Primary,Government/public website; media reuse must be checked separately,PARTIALLY VERIFIED,Source content and recency should be rechecked before public deployment.
MADIA-SRC-022,San Jose source page,Establishment or secondary source,Website,https://www.facebook.com/search/top?q=Adiangao%20Cave%20San%20Jose%20Camarines%20Sur,,2026-06-29,Secondary,Not confirmed,PARTIALLY VERIFIED,Source content and recency should be rechecked before public deployment.
MADIA-SRC-023,San Jose source page,LGU / government tourism source,Website,https://tourism.naga.gov.ph/metronaga-tres/st-joseph-parish-church-san-jose/,,2026-06-29,Primary,Government/public website; media reuse must be checked separately,PARTIALLY VERIFIED,Source content and recency should be rechecked before public deployment.
MADIA-SRC-024,San Jose source page,Establishment or secondary source,Website,https://www.facebook.com/search/top?q=Port%20Alfred%20Resort%20San%20Jose%20Camarines%20Sur,,2026-06-29,Secondary,Not confirmed,PARTIALLY VERIFIED,Source content and recency should be rechecked before public deployment.
MADIA-SRC-025,San Jose source page,Establishment or secondary source,Website,https://gulftide.weebly.com/,,2026-06-29,Secondary,Not confirmed,PARTIALLY VERIFIED,Source content and recency should be rechecked before public deployment.
MADIA-SRC-026,San Jose source page,LGU / government tourism source,Website,https://tpb.gov.ph/wp-content/uploads/2026/04/TPB-ITB-NO.-2026-012_Technical-Specifications.pdf,,2026-06-29,Primary,Government/public website; media reuse must be checked separately,PARTIALLY VERIFIED,Source content and recency should be rechecked before public deployment.
MADIA-SRC-027,Siruma source page,LGU / government tourism source,Website,https://partidodevelopmentadministration.gov.ph/siruma/,,2026-06-29,Primary,Government/public website; media reuse must be checked separately,PARTIALLY VERIFIED,Source content and recency should be rechecked before public deployment.
MADIA-SRC-028,Siruma source page,LGU / government tourism source,Website,https://tourism.naga.gov.ph/metronaga-tres/suhoton-siruma/,,2026-06-29,Primary,Government/public website; media reuse must be checked separately,PARTIALLY VERIFIED,Source content and recency should be rechecked before public deployment.
MADIA-SRC-029,Siruma source page,Establishment or secondary source,Website,https://www.greenrocksiruma.com/,,2026-06-29,Secondary,Not confirmed,PARTIALLY VERIFIED,Source content and recency should be rechecked before public deployment.
MADIA-SRC-030,Siruma source page,LGU / government tourism source,Website,https://tourism.naga.gov.ph/metronaga-tres/kiudkad-the-last-resort/,,2026-06-29,Primary,Government/public website; media reuse must be checked separately,PARTIALLY VERIFIED,Source content and recency should be rechecked before public deployment.
MADIA-SRC-031,Tigaon source page,LGU / government tourism source,Website,https://partidodevelopmentadministration.gov.ph/tigaon/,,2026-06-29,Primary,Government/public website; media reuse must be checked separately,PARTIALLY VERIFIED,Source content and recency should be rechecked before public deployment.
MADIA-SRC-032,Tigaon source page,Establishment or secondary source,Website,https://www.facebook.com/search/top?q=Tigaon%20Museum,,2026-06-29,Secondary,Not confirmed,PARTIALLY VERIFIED,Source content and recency should be rechecked before public deployment.
MADIA-SRC-033,Tigaon source page,LGU / government tourism source,Website,https://tpb.gov.ph/events/tig-aw-festival/,,2026-06-29,Primary,Government/public website; media reuse must be checked separately,PARTIALLY VERIFIED,Source content and recency should be rechecked before public deployment.
MADIA-SRC-034,Tigaon source page,Establishment or secondary source,Website,https://www.cocotel.com/public/index.php/ph/SMDP%20Resort%20Hotel%20Tigaon%2C%20Camsur,,2026-06-29,Secondary,Not confirmed,PARTIALLY VERIFIED,Source content and recency should be rechecked before public deployment.
MADIA-SRC-035,Tigaon source page,Establishment or secondary source,Website,https://www.bizippines.com/helens-havens-resort-0948-390-2325,,2026-06-29,Secondary,Not confirmed,PARTIALLY VERIFIED,Source content and recency should be rechecked before public deployment.
MADIA-SRC-036,Tigaon source page,Establishment or secondary source,Website,https://www.churingaecoresort.com/,,2026-06-29,Secondary,Not confirmed,PARTIALLY VERIFIED,Source content and recency should be rechecked before public deployment.
MADIA-SRC-037,Tinambac source page,LGU / government tourism source,Website,https://tinambac.gov.ph/reviving-paradise-mayor-bobit-leads-the-caloco-beach-comeback/,,2026-06-29,Primary,Government/public website; media reuse must be checked separately,PARTIALLY VERIFIED,Source content and recency should be rechecked before public deployment.
MADIA-SRC-038,Tinambac source page,LGU / government tourism source,Website,https://tinambac.gov.ph/tourism/,,2026-06-29,Primary,Government/public website; media reuse must be checked separately,PARTIALLY VERIFIED,Source content and recency should be rechecked before public deployment.
MADIA-SRC-039,Tinambac source page,Establishment or secondary source,Website,https://bicoltravelguides.com/tinawagan-hills-camarines-sur-the-overlooked-gem-of-mountain-and-sea-views/,,2026-06-29,Secondary,Not confirmed,PARTIALLY VERIFIED,Source content and recency should be rechecked before public deployment.
MADIA-SRC-040,Tinambac source page,Establishment or secondary source,Website,https://www.reddit.com/r/ITookAPicturePH/comments/1cqopxv/,,2026-06-29,Secondary,Not confirmed,PARTIALLY VERIFIED,Source content and recency should be rechecked before public deployment.
MADIA-SRC-041,Tinambac source page,Establishment or secondary source,Website,https://www.reddit.com/r/Bicol/comments/1k88q6c/,,2026-06-29,Secondary,Not confirmed,PARTIALLY VERIFIED,Source content and recency should be rechecked before public deployment.
MADIA-SRC-042,Tinambac source page,LGU / government tourism source,Website,https://tourism.naga.gov.ph/metronaga-tres/st-peter-the-apostle-parish-church-bagacay-tinambac/,,2026-06-29,Primary,Government/public website; media reuse must be checked separately,PARTIALLY VERIFIED,Source content and recency should be rechecked before public deployment.
MADIA-SRC-043,Tinambac source page,LGU / government tourism source,Website,https://tinambac.gov.ph/tinambac-senakulo-2026/,,2026-06-29,Primary,Government/public website; media reuse must be checked separately,PARTIALLY VERIFIED,Source content and recency should be rechecked before public deployment.
MADIA-SRC-044,Tinambac source page,Establishment or secondary source,Website,https://www.jacobrrresort.com/,,2026-06-29,Secondary,Not confirmed,PARTIALLY VERIFIED,Source content and recency should be rechecked before public deployment.
MADIA-SRC-045,Tinambac source page,Establishment or secondary source,Website,https://www.reddit.com/r/Bicol/comments/1rhyh8l/beach_recommendations_na_commute_friendly_po_sana/,,2026-06-29,Secondary,Not confirmed,PARTIALLY VERIFIED,Source content and recency should be rechecked before public deployment.
MADIA-SRC-046,Tinambac source page,LGU / government tourism source,Website,https://tinambac.gov.ph/comida-calle/,,2026-06-29,Primary,Government/public website; media reuse must be checked separately,PARTIALLY VERIFIED,Source content and recency should be rechecked before public deployment.
MADIA-SRC-047,Tinambac source page,LGU / government tourism source,Website,https://tinambac.gov.ph/sea-travel-advisory/,,2026-06-29,Primary,Government/public website; media reuse must be checked separately,PARTIALLY VERIFIED,Source content and recency should be rechecked before public deployment.
MADIA-SRC-048,Tinambac source page,LGU / government tourism source,Website,https://tinambac.gov.ph/donita-nose-and-super-tekla-visited-the-scenic-caloco-beach/,,2026-06-29,Primary,Government/public website; media reuse must be checked separately,PARTIALLY VERIFIED,Source content and recency should be rechecked before public deployment.
MADIA-SRC-049,Tinambac source page,LGU / government tourism source,Website,https://tinambac.gov.ph/,,2026-06-29,Primary,Government/public website; media reuse must be checked separately,PARTIALLY VERIFIED,Source content and recency should be rechecked before public deployment.
MADIA-SRC-050,Tinambac source page,LGU / government tourism source,Website,https://tinambac.gov.ph/super-health-center/,,2026-06-29,Primary,Government/public website; media reuse must be checked separately,PARTIALLY VERIFIED,Source content and recency should be rechecked before public deployment.
MADIA-SRC-051,Aguirangan Island photo,Wikimedia Commons,Exact image file page,https://commons.wikimedia.org/wiki/File:Aguirangan_Island_in_Camarines_Sur_02.jpg,2021-05-23,2026-06-29,Primary media source,CC BY-SA 4.0; attribution and share-alike requirements apply.,VERIFIED,Creator: Irvin Parco Sto. Tomas; Drive file: https://drive.google.com/file/d/1EDCtLu9lmXl28x4ZuK2zFJ3QGWewSe87/view
MADIA-SRC-052,Atulayan Island photo,Wikimedia Commons,Exact image file page,https://commons.wikimedia.org/wiki/File:Atulayan_Island_01.jpg,2024-04-15,2026-06-29,Primary media source,CC BY-SA 4.0; attribution and share-alike requirements apply.,VERIFIED,Creator: Maffeth.opiana; Drive file: https://drive.google.com/file/d/11xMvI-L64M1TdKDEjTHMt0bWTZqNdS1m/view
MADIA-SRC-053,Sabang Beach photo,Wikimedia Commons,Exact image file page,"https://commons.wikimedia.org/wiki/File:Sabang_Beach,_San_Jose,_Camarines_Sur_(2022).jpg",2022-05-12,2026-06-29,Primary media source,CC BY-SA 4.0; attribution and share-alike requirements apply.,VERIFIED,Creator: Ralff Nestor Nacor; Drive file: https://drive.google.com/file/d/18fwpHdXXuj8HdCOw-B54X6Y_KnaCEgyp/view
MADIA-SRC-054,Tumagithi Falls photo,Wikimedia Commons,Exact image file page,"https://commons.wikimedia.org/wiki/File:Tumagiti_Falls,_Mount_Isarog.jpg",2021-01-30,2026-06-29,Primary media source,CC BY-SA 4.0; attribution and share-alike requirements apply.,VERIFIED,Creator: Irvin Parco Sto. Tomas; Drive file: https://drive.google.com/file/d/1HnBGIhSdJm8HwS3SEGra7NgOHqmoD6CQ/view
MADIA-SRC-055,Consocep and Mount Isarog access photo,Wikimedia Commons,Exact image file page,"https://commons.wikimedia.org/wiki/File:Consosep,_Mount_Isarog_National_Park_-_Tigaon.jpg",2021-01-30,2026-06-29,Primary media source,CC BY-SA 4.0; attribution and share-alike requirements apply.,VERIFIED,Creator: Irvin Parco Sto. Tomas; Drive file: https://drive.google.com/file/d/1_BPsqbIkIjgQuwR69SCV6CHCMkbF49Rb/view
MADIA-SRC-056,Caloco Beach photo,Wikimedia Commons,Exact image file page,"https://commons.wikimedia.org/wiki/File:Caloco_Beach_of_Tinambac,_Camarines_Sur.jpg",2022-04-29,2026-06-29,Primary media source,CC BY-SA 4.0; attribution and share-alike requirements apply.,VERIFIED,Creator: Rommel Nats; Drive file: https://drive.google.com/file/d/1AUF4Cr2yXYaiv7oIIyKWG4YGEthqh-gL/view
MADIA-SRC-057,Caloco Beach photo,Wikimedia Commons,Exact image file page,"https://commons.wikimedia.org/wiki/File:Caloco_Beach_at_Tinambac,_Camarines_Sur_1.jpg",2017-04-30,2026-06-29,Primary media source,CC BY-SA 4.0; attribution and share-alike requirements apply.,VERIFIED,Creator: Maffeth.opiana; Drive file: https://drive.google.com/file/d/1rdhiUX1Poq3jcz1uHEMkH1EEae66yzKN/view
MADIA-SRC-058,Angelica Beach photo,Wikimedia Commons,Exact image file page,"https://commons.wikimedia.org/wiki/File:Angelica_Beach_in_Siruma,_Camarines_Sur.jpg",2021-04-09,2026-06-29,Primary media source,CC BY-SA 4.0; attribution and share-alike requirements apply.,VERIFIED,Creator: Irvin Parco Sto. Tomas; Drive file: https://drive.google.com/file/d/1LrhQOfwSOpZbQelMuDzoXCil9f_19jl7/view
MADIA-SRC-059,Nato Beach photo,Wikimedia Commons,Exact image file page,"https://commons.wikimedia.org/wiki/File:Nato_Beach,_Sagñay,_Camarines_Sur.jpg",2020-02-01,2026-06-29,Primary media source,CC BY-SA 4.0; attribution and share-alike requirements apply.,VERIFIED,Creator: Ralff Nestor Nacor; Drive file: https://drive.google.com/file/d/1vUrl71eKmBYE6w3nTW4DSGZzA48ZUrGw/view
MADIA-SRC-060,Garchitorena Lagoon photo,Wikimedia Commons,Exact image file page,https://commons.wikimedia.org/wiki/File:A_Lagoon_in_Garchitorena.jpg,2025-06-12,2026-06-29,Primary media source,CC BY-SA 4.0; attribution and share-alike requirements apply.,VERIFIED,Creator: Dos Padayon; Drive file: https://drive.google.com/file/d/1GqTpKEzgQgMPn_4WaKdRk6Ab1L93PuHe/view
MADIA-SRC-061,St. John the Baptist Parish Church photo,Wikimedia Commons,Exact image file page,"https://commons.wikimedia.org/wiki/File:Goa_Church,_Camarines_Sur.jpg",2015-04-03,2026-06-29,Primary media source,CC BY-SA 4.0; attribution and share-alike requirements apply.,VERIFIED,Creator: Joelaldor; Drive file: https://drive.google.com/file/d/1YqDfebqyLijTzflLEB1URnjmM96CWWlj/view
MADIA-SRC-062,Kinahulogan Falls photo,Wikimedia Commons,Exact image file page,"https://commons.wikimedia.org/wiki/File:Kinahulogan_Falls,_Lagonoy.jpg",2018-06-17,2026-06-29,Primary media source,CC BY-SA 4.0; attribution and share-alike requirements apply.,VERIFIED,Creator: MarvinBikolano; Drive file: https://drive.google.com/file/d/13_0jvf-dbWUxZJVOSkPobo0gUm8CRDEH/view
MADIA-SRC-063,Garchitorena Island (working image lead) image,Wikimedia Commons,Exact image file page,https://commons.wikimedia.org/wiki/File:An_Island_in_Garchitorena.jpg,2025-06-13,2026-06-29,Primary media source,CC BY-SA 4.0,VERIFIED,Drive image: https://drive.google.com/file/d/1g7wE3TYAbOMWS-6c9OWw4WU3D4XXRNzn/view; creator: Dos Padayon.
MADIA-SRC-064,Presentacion town and coastal view image,Wikimedia Commons,Exact image file page,https://commons.wikimedia.org/wiki/File:Presentacion_town_in_Camarines_Sur.jpg,2021-05-23,2026-06-29,Primary media source,CC BY-SA 4.0,VERIFIED,Drive image: https://drive.google.com/file/d/1V0xdJu6ibfuDCC2tpMPObeeAyLI9W0fM/view; creator: Irvin Parco Sto. Tomas.
MADIA-SRC-065,Siruma coastal landscape image,Wikimedia Commons,Exact image file page,"https://commons.wikimedia.org/wiki/File:Siruma,_Camarines_Sur.jpg",2022-05-06,2026-06-29,Primary media source,CC BY-SA 4.0,VERIFIED,Drive image: https://drive.google.com/file/d/1uCn8GVOtiFHnJE_bLCHFf_aABW9YD-0G/view; creator: Irvin Parco Sto. Tomas.
MADIA-SRC-066,Lagonoy River image,Wikimedia Commons,Exact image file page,https://commons.wikimedia.org/wiki/File:Lagonoy_River.jpg,,2026-06-29,Primary media source,License pending exact file-page review,PARTIALLY VERIFIED,Drive image: https://drive.google.com/file/d/15fz5OdOC8vRDV0Ki-BvzSVSLJhRnqypW/view; creator: pending verification.
MADIA-SRC-067,Saints Philip and James the Apostles Parish Church image,Wikimedia Commons,Exact image file page,"https://commons.wikimedia.org/wiki/File:Close-up_details_of_Sts._Philip_and_James_the_Apostle_Parish,_Lagonoy,_Camarines_Sur.jpg",2025,2026-06-29,Primary media source,CC BY-SA 4.0 — creator pending exact-page verification,PARTIALLY VERIFIED,Drive image: https://drive.google.com/file/d/1aZZX3K6VX4BF-NfwsWm_XPl6yb1DaFtL/view; creator: pending verification.
MADIA-SRC-068,Saint Joseph Parish Church image,Wikimedia Commons,Exact image file page,"https://commons.wikimedia.org/wiki/File:St._Joseph_Parish_Church,_San_Jose,_Camarines_Sur.jpg",2022-05-12,2026-06-29,Primary media source,CC BY-SA 4.0,VERIFIED,Drive image: https://drive.google.com/file/d/1aZVog0Wi_p8zAtfard0fTu-bNpuEhSB1/view; creator: Ralff Nestor Nacor.
MADIA-SRC-069,Tigaon Public Market image,Wikimedia Commons,Exact image file page,"https://commons.wikimedia.org/wiki/File:Tigaon_Public_Market,_Cam_Sur,_Mar_2026.jpg",2026-03-04,2026-06-29,Primary media source,CC BY-SA 4.0,VERIFIED,Drive image: https://drive.google.com/file/d/1bAdPi1weYS1aZWaKIDHfvIO5w3xR4OSa/view; creator: Ralff Nestor Nacor.
MADIA-SRC-070,Don Pascual P. Leelin Sr. Park image,Wikimedia Commons,Exact image file page,"https://commons.wikimedia.org/wiki/File:Don_Pascual_P._Leelin_Sr._Park,_Tigaon,_Cam_Sur,_Mar_2026.jpg",2026-03-04,2026-06-29,Primary media source,CC BY-SA 4.0,VERIFIED,Drive image: https://drive.google.com/file/d/1Fy3QUBspUbS_2048WNokcKYAKGw9Qrsu/view; creator: Ralff Nestor Nacor.
MADIA-SRC-071,Le Isla Pighaluban image,Wikimedia Commons,Exact image file page,"https://commons.wikimedia.org/wiki/File:The_beauty_of_Le_Isla_Pighaluban_in_Garchitorena,_Camarines_Sur,_Bicol,_Philippines.jpg",2025-06-10,2026-06-29,Primary media source,CC BY-SA 4.0,VERIFIED,Creator: Dos Padayon; uploaded media: https://drive.google.com/file/d/1HoQmhwgHHcJ9zxAICXAlztci_tuMhlkV/view
MADIA-SRC-072,Aguirangan Rose Island image,Wikimedia Commons,Exact image file page,https://commons.wikimedia.org/wiki/File:View_of_Rose_Island.jpg,2025-06-08,2026-06-29,Primary media source,CC BY-SA 4.0,VERIFIED,Creator: Dos Padayon; uploaded media: https://drive.google.com/file/d/1JwtYEut6e4SWbDvPrCRLtTOej_mxnug1/view
MADIA-SRC-073,San Pascual Baylon Parish Church image,Wikimedia Commons,Exact image file page,https://commons.wikimedia.org/wiki/File:San_Pascual_Baylon_Parish_Church.JPG,2014-12-29,2026-06-29,Primary media source,CC BY-SA 4.0,VERIFIED,Creator: Domingo Combate Jr.; uploaded media: https://drive.google.com/file/d/1B6q1_zkOEwOW-qr9W5IcPOVJf1yVQnUH/view
MADIA-SRC-074,Saint Andrew the Apostle Parish Church image,Wikimedia Commons,Exact image file page,"https://commons.wikimedia.org/wiki/File:Church_of_Sagñay,_Camarines_Sur.jpg",2015-04-03,2026-06-29,Primary media source,CC BY-SA 4.0,VERIFIED,Creator: Joelaldor; uploaded media: https://drive.google.com/file/d/1j3YUh2TVJA1ruAd84I3qC9Z4Hg29Whzv/view
MADIA-SRC-075,Caramoan Peninsula image,Wikimedia Commons,Exact image file page,"https://commons.wikimedia.org/wiki/File:Caramoan_Peninsula,_Camarines_Sur.jpg",2016-04-08,2026-06-29,Primary media source,CC BY-SA 4.0,VERIFIED,Creator: JannahTepace; uploaded media: https://drive.google.com/file/d/1B548bDPWcyGpxHnV3g4ZzA6SreHRzRaw/view
MADIA-SRC-076,St. John the Baptist Parish Church image,Wikimedia Commons,Exact image file page,"https://commons.wikimedia.org/wiki/File:Goa_Church,_Cam_Sur,_Mar_2026_(1).jpg",2026-03-04,2026-06-29,Primary media source,CC BY-SA 4.0,VERIFIED,Creator: Ralff Nestor Nacor; uploaded media: https://drive.google.com/file/d/1-m9CB7wiz7bvi64RoJx0QgIxEa3kXuRe/view
MADIA-SRC-077,Road going to Goa image,Wikimedia Commons,Exact image file page,"https://commons.wikimedia.org/wiki/File:Road_going_to_Goa,_Camarines_Sur.JPG",2012-06-11,2026-06-29,Primary media source,CC BY-SA 3.0,VERIFIED,Creator: Geopoet; uploaded media: https://drive.google.com/file/d/1B-_29cFLoX8Qn4RInXYTJ5w-puSfHmrk/view
MADIA-SRC-078,Caloco Beach image,Wikimedia Commons,Exact image file page,"https://commons.wikimedia.org/wiki/File:Magnificant_view_of_the_beach_in_Caloco_Beach,_Tinambac,_Camarines_Sur,_Philippines.jpg",2018-05-24,2026-06-29,Primary media source,CC BY-SA 4.0,VERIFIED,Creator: Biag arnel; uploaded media: https://drive.google.com/file/d/1S4tcA52mn4yi7Iva6wUvAYtS8av5sGSQ/view
