record_id,municipality_id,official_psgc_code,municipality,category,subcategory,official_name,alternate_or_local_name,barangay,complete_address,latitude,longitude,map_link,short_description,full_description,key_features,activities_available,products_or_services_offered,amenities,operating_status,operating_days,opening_time,closing_time,seasonal_availability,entrance_fee,price_range,other_fees,contact_person_publicly_listed,telephone_number,mobile_number,email_address,official_website,official_social_media_page,booking_link,accessibility_information,parking_availability,public_transportation_access,recommended_visit_duration,best_time_to_visit,safety_or_travel_advisory,tourism_accreditation_or_registration,primary_source,secondary_verification_source,date_accessed,date_information_last_confirmed,verification_status,confidence_level,photo_availability,cover_photo_id,application_page_route,notes,source_ids,cuisine_type,notable_dishes,local_specialties,meal_types,dine_in,takeout,delivery,seating_capacity,approximate_price_per_person,group_meal_capability,reservation_information,vegetarian_options,special_dietary_options,menu_link,price_observation_date,source_id
MADIA-CAR-RES-001,MADIA-MUN-CAR,0501711000,Caramoan,Restaurant or Food Establishment,Café / restaurant,Kape Real,,Not publicly available,"Real Street, Tawog – directory lead",,,,"A café and restaurant lead with an apparent official Facebook page; operating hours, menu, prices and exact address require direct confirmation.","A café and restaurant lead with an apparent official Facebook page; operating hours, menu, prices and exact address require direct confirmation. This record is retained in MADIA sa Partido as a working entry. Exact coordinates, access, operating status, fees, schedules, safety, accessibility, contacts, and current visitor conditions must be confirmed before unrestricted public display.",,,,,Appears listed,Not publicly available,,,Requires confirmation,Not publicly available,Not publicly available,Not publicly available,,,,,https://wanderlog.com/place/details/10831549/kape-real,,,Not publicly available,Not publicly available,Requires confirmation,Not publicly available,Requires local confirmation,"Check current LGU, weather, sea-travel, and site advisories before visiting.",Not publicly available,https://wanderlog.com/place/details/10831549/kape-real,,2026-06-29,,PARTIALLY VERIFIED,Low,Facebook/aggregator photos require permission.,,/municipalities/caramoan/kape-real,Verify official page ownership and current operations.,SRC-CAR-010,Café / restaurant,Not publicly available,,,Requires confirmation,Requires confirmation,Requires confirmation,,Not publicly available,Requires confirmation,Not publicly available,Not publicly available,Not publicly available,,,
MADIA-CAR-RES-002,MADIA-MUN-CAR,0501711000,Caramoan,Restaurant or Food Establishment,Grill / restobar,Caramo-tan Grill and Restobar,,Not publicly available,Caramoan – exact address pending,,,,"A restaurant lead from a business directory, with a Facebook-page lead and contact number that must be confirmed before public display.","A restaurant lead from a business directory, with a Facebook-page lead and contact number that must be confirmed before public display. This record is retained in MADIA sa Partido as a working entry. Exact coordinates, access, operating status, fees, schedules, safety, accessibility, contacts, and current visitor conditions must be confirmed before unrestricted public display.",,,,,Appears listed,Not publicly available,,,Requires confirmation,Not publicly available,Not publicly available,Not publicly available,,,,,https://www.bizippines.com/caramo-tan-grill-and-restobar_1k-0995-039-8741,,,Not publicly available,Not publicly available,Requires confirmation,Not publicly available,Requires local confirmation,"Check current LGU, weather, sea-travel, and site advisories before visiting.",Not publicly available,https://www.bizippines.com/caramo-tan-grill-and-restobar_1k-0995-039-8741,,2026-06-29,,UNVERIFIED,Low,Directory/Facebook photos require permission.,,/municipalities/caramoan/caramo-tan-grill-and-restobar,"Confirm exact legal name, address, hours, menu, price range and contact.",SRC-CAR-011,Grill / restobar,Not publicly available,,,Requires confirmation,Requires confirmation,Requires confirmation,,Not publicly available,Requires confirmation,Not publicly available,Not publicly available,Not publicly available,,,
MADIA-CAR-RES-003,MADIA-MUN-CAR,0501711000,Caramoan,Restaurant or Food Establishment,Seafood restaurant,Wowoy's Seafood Island,,Not publicly available,Presentacion–Caramoan Road – directory lead,,,,A seafood-establishment lead that may support local-food discovery but currently relies on a directory listing.,"A seafood-establishment lead that may support local-food discovery but currently relies on a directory listing. This record is retained in MADIA sa Partido as a working entry. Exact coordinates, access, operating status, fees, schedules, safety, accessibility, contacts, and current visitor conditions must be confirmed before unrestricted public display.",,,,,Appears listed,Not publicly available,,,Requires confirmation,Not publicly available,Not publicly available,Not publicly available,,,,,https://www.bizippines.com/wowoys-seafood-island-0917-654-8623,,,Not publicly available,Not publicly available,Requires confirmation,Not publicly available,Requires local confirmation,"Check current LGU, weather, sea-travel, and site advisories before visiting.",Not publicly available,https://www.bizippines.com/wowoys-seafood-island-0917-654-8623,,2026-06-29,,UNVERIFIED,Low,Directory/Facebook photos require permission.,,/municipalities/caramoan/wowoy-s-seafood-island,"Confirm correct municipality, exact location, active status, hours, menu and prices.",SRC-CAR-012,Seafood restaurant,Seafood lead,,,Requires confirmation,Requires confirmation,Requires confirmation,,Not publicly available,Requires confirmation,Not publicly available,Not publicly available,Not publicly available,,,
MADIA-CAR-RES-004,MADIA-MUN-CAR,0501711000,Caramoan,Restaurant or Food Establishment,Tapsihan / casual dining,Alwin's Tapsihan,,Not publicly available,"Alarcon Street, Solnopan – directory lead",,,,A casual-dining lead in Caramoan that requires verification from an owner-controlled source.,"A casual-dining lead in Caramoan that requires verification from an owner-controlled source. This record is retained in MADIA sa Partido as a working entry. Exact coordinates, access, operating status, fees, schedules, safety, accessibility, contacts, and current visitor conditions must be confirmed before unrestricted public display.",,,,,Appears listed,Not publicly available,,,Requires confirmation,Not publicly available,Not publicly available,Not publicly available,,,,,https://www.bizippines.com/alwins-tapsihan-0948-462-3202,,,Not publicly available,Not publicly available,Requires confirmation,Not publicly available,Requires local confirmation,"Check current LGU, weather, sea-travel, and site advisories before visiting.",Not publicly available,https://www.bizippines.com/alwins-tapsihan-0948-462-3202,,2026-06-29,,UNVERIFIED,Low,Directory/Facebook photos require permission.,,/municipalities/caramoan/alwin-s-tapsihan,"Confirm name, address, menu, hours, prices and contact.",SRC-CAR-013,Tapsihan / casual dining,Tapsilog and casual meals – unverified,,,Requires confirmation,Requires confirmation,Requires confirmation,,Not publicly available,Requires confirmation,Not publicly available,Not publicly available,Not publicly available,,,
MADIA-CAR-RES-005,MADIA-MUN-CAR,0501711000,Caramoan,Restaurant or Food Establishment,Restaurant lead,Bay Sand Restaurant,,Not publicly available,Paniman / Residencia area – confirm,,,,A restaurant name associated with accommodation reviews in Paniman; it must be checked as a separate active establishment or an in-house service.,"A restaurant name associated with accommodation reviews in Paniman; it must be checked as a separate active establishment or an in-house service. This record is retained in MADIA sa Partido as a working entry. Exact coordinates, access, operating status, fees, schedules, safety, accessibility, contacts, and current visitor conditions must be confirmed before unrestricted public display.",,,,,Not publicly confirmed,Not publicly available,,,Requires confirmation,Not publicly available,Not publicly available,Not publicly available,,,,,,,,Not publicly available,Not publicly available,Requires confirmation,Not publicly available,Requires local confirmation,"Check current LGU, weather, sea-travel, and site advisories before visiting.",Not publicly available,,,2026-06-29,,UNVERIFIED,Low,No approved photos.,,/municipalities/caramoan/bay-sand-restaurant,Determine whether it is part of Residencia de Salvacion and avoid duplicate records.,Not yet assigned,Restaurant lead,Not publicly available,,,Requires confirmation,Requires confirmation,Requires confirmation,,Not publicly available,Requires confirmation,Not publicly available,Not publicly available,Not publicly available,,,
MADIA-CAR-RES-006,MADIA-MUN-CAR,0501711000,Caramoan,Restaurant or Food Establishment,Coffee shop lead,Kape Maria,,Not publicly available,Caramoan – confirm,,,,"A coffee-shop lead with a Facebook link that requires direct confirmation of location, status, menu and operating hours.","A coffee-shop lead with a Facebook link that requires direct confirmation of location, status, menu and operating hours. This record is retained in MADIA sa Partido as a working entry. Exact coordinates, access, operating status, fees, schedules, safety, accessibility, contacts, and current visitor conditions must be confirmed before unrestricted public display.",,,,,Appears listed,Not publicly available,,,Requires confirmation,Not publicly available,Not publicly available,Not publicly available,,,,,,,,Not publicly available,Not publicly available,Requires confirmation,Not publicly available,Requires local confirmation,"Check current LGU, weather, sea-travel, and site advisories before visiting.",Not publicly available,,,2026-06-29,,UNVERIFIED,Low,Social/aggregator photos require permission.,,/municipalities/caramoan/kape-maria,Verify owner-controlled page and current operation.,Not yet assigned,Coffee shop lead,Coffee beverages – directory claim,,,Requires confirmation,Requires confirmation,Requires confirmation,,Not publicly available,Requires confirmation,Not publicly available,Not publicly available,Not publicly available,,,
MADIA-GOA-RES-001,MADIA-MUN-GOA,0501715000,Goa,Restaurant or Food Establishment,Restaurant,Rainbow Hideout,,Not publicly available,Not publicly available,,,,"A restaurant lead in Goa’s commercial center requiring confirmation of official address, hours, cuisine, current operation, menu and price range.","A restaurant lead in Goa’s commercial center requiring confirmation of official address, hours, cuisine, current operation, menu and price range. This entry is part of MADIA sa Partido’s preliminary working inventory for Goa. Exact coordinates, access arrangements, operating status, fees, schedules, accessibility, safety information, and current contact details must be confirmed from the responsible LGU office, establishment, or operator before public display.",,,,,Requires confirmation,Not publicly available,,,Requires confirmation,Not publicly available,Not publicly available,Not publicly available,,,,,,,,Not publicly available,Not publicly available,Requires confirmation,Not publicly available,Requires local confirmation,"Check current LGU, weather, sea-travel, and site advisories before visiting.",Not publicly available,https://partidodevelopmentadministration.gov.ph/goa/,,2026-06-29,,UNVERIFIED,Low,Lead only,,/municipalities/goa/rainbow-hideout,,,,,,,,,,,,,,,,,,MADIA-SRC-002
MADIA-GOA-RES-002,MADIA-MUN-GOA,0501715000,Goa,Restaurant or Food Establishment,Restaurant,Isang Cusina,,Not publicly available,Not publicly available,,,,"A restaurant lead in Goa’s commercial center requiring confirmation of official address, hours, cuisine, current operation, menu and price range.","A restaurant lead in Goa’s commercial center requiring confirmation of official address, hours, cuisine, current operation, menu and price range. This entry is part of MADIA sa Partido’s preliminary working inventory for Goa. Exact coordinates, access arrangements, operating status, fees, schedules, accessibility, safety information, and current contact details must be confirmed from the responsible LGU office, establishment, or operator before public display.",,,,,Requires confirmation,Not publicly available,,,Requires confirmation,Not publicly available,Not publicly available,Not publicly available,,,,,,,,Not publicly available,Not publicly available,Requires confirmation,Not publicly available,Requires local confirmation,"Check current LGU, weather, sea-travel, and site advisories before visiting.",Not publicly available,https://partidodevelopmentadministration.gov.ph/goa/,,2026-06-29,,UNVERIFIED,Low,Lead only,,/municipalities/goa/isang-cusina,,,,,,,,,,,,,,,,,,MADIA-SRC-002
MADIA-GOA-RES-003,MADIA-MUN-GOA,0501715000,Goa,Restaurant or Food Establishment,Restaurant,Emeerj Restaurant,,Not publicly available,Not publicly available,,,,"A restaurant lead in Goa’s commercial center requiring confirmation of official address, hours, cuisine, current operation, menu and price range.","A restaurant lead in Goa’s commercial center requiring confirmation of official address, hours, cuisine, current operation, menu and price range. This entry is part of MADIA sa Partido’s preliminary working inventory for Goa. Exact coordinates, access arrangements, operating status, fees, schedules, accessibility, safety information, and current contact details must be confirmed from the responsible LGU office, establishment, or operator before public display.",,,,,Requires confirmation,Not publicly available,,,Requires confirmation,Not publicly available,Not publicly available,Not publicly available,,,,,,,,Not publicly available,Not publicly available,Requires confirmation,Not publicly available,Requires local confirmation,"Check current LGU, weather, sea-travel, and site advisories before visiting.",Not publicly available,https://partidodevelopmentadministration.gov.ph/goa/,,2026-06-29,,UNVERIFIED,Low,Lead only,,/municipalities/goa/emeerj-restaurant,,,,,,,,,,,,,,,,,,MADIA-SRC-002
MADIA-GOA-RES-004,MADIA-MUN-GOA,0501715000,Goa,Restaurant or Food Establishment,Restaurant,Casa Buena,,Not publicly available,Not publicly available,,,,"A restaurant lead in Goa’s commercial center requiring confirmation of official address, hours, cuisine, current operation, menu and price range.","A restaurant lead in Goa’s commercial center requiring confirmation of official address, hours, cuisine, current operation, menu and price range. This entry is part of MADIA sa Partido’s preliminary working inventory for Goa. Exact coordinates, access arrangements, operating status, fees, schedules, accessibility, safety information, and current contact details must be confirmed from the responsible LGU office, establishment, or operator before public display.",,,,,Requires confirmation,Not publicly available,,,Requires confirmation,Not publicly available,Not publicly available,Not publicly available,,,,,,,,Not publicly available,Not publicly available,Requires confirmation,Not publicly available,Requires local confirmation,"Check current LGU, weather, sea-travel, and site advisories before visiting.",Not publicly available,https://partidodevelopmentadministration.gov.ph/goa/,,2026-06-29,,UNVERIFIED,Low,Lead only,,/municipalities/goa/casa-buena,,,,,,,,,,,,,,,,,,MADIA-SRC-002
MADIA-GOA-RES-005,MADIA-MUN-GOA,0501715000,Goa,Restaurant or Food Establishment,Restaurant,Wilbertin’s,,Not publicly available,Not publicly available,,,,"A restaurant lead in Goa’s commercial center requiring confirmation of official address, hours, cuisine, current operation, menu and price range.","A restaurant lead in Goa’s commercial center requiring confirmation of official address, hours, cuisine, current operation, menu and price range. This entry is part of MADIA sa Partido’s preliminary working inventory for Goa. Exact coordinates, access arrangements, operating status, fees, schedules, accessibility, safety information, and current contact details must be confirmed from the responsible LGU office, establishment, or operator before public display.",,,,,Requires confirmation,Not publicly available,,,Requires confirmation,Not publicly available,Not publicly available,Not publicly available,,,,,,,,Not publicly available,Not publicly available,Requires confirmation,Not publicly available,Requires local confirmation,"Check current LGU, weather, sea-travel, and site advisories before visiting.",Not publicly available,https://partidodevelopmentadministration.gov.ph/goa/,,2026-06-29,,UNVERIFIED,Low,Lead only,,/municipalities/goa/wilbertin-s,,,,,,,,,,,,,,,,,,MADIA-SRC-002
MADIA-LAG-RES-001,MADIA-MUN-LAG,0501717000,Lagonoy,Restaurant or Food Establishment,Market / Local Food Cluster,Lagonoy Public Market food stalls,,Not publicly available,Not publicly available,,,,"A working cluster record for local food and market vendors; individual businesses, specialties, sanitation status and hours require field verification.","A working cluster record for local food and market vendors; individual businesses, specialties, sanitation status and hours require field verification. This entry is part of MADIA sa Partido’s preliminary working inventory for Lagonoy. Exact coordinates, access arrangements, operating status, fees, schedules, accessibility, safety information, and current contact details must be confirmed from the responsible LGU office, establishment, or operator before public display.",,,,,Requires confirmation,Not publicly available,,,Requires confirmation,Not publicly available,Not publicly available,Not publicly available,,,,,,,,Not publicly available,Not publicly available,Requires confirmation,Not publicly available,Requires local confirmation,"Check current LGU, weather, sea-travel, and site advisories before visiting.",Not publicly available,https://partidodevelopmentadministration.gov.ph/lagonoy/,,2026-06-29,,UNVERIFIED,Low,Lead only,,/municipalities/lagonoy/lagonoy-public-market-food-stalls,,,,,,,,,,,,,,,,,,MADIA-SRC-008
MADIA-PRE-RES-001,MADIA-MUN-PRE,0501729000,Presentacion,Restaurant or Food Establishment,Local Food Cluster,Presentacion poblacion eateries,,Not publicly available,Not publicly available,,,,"A working cluster for visitor-oriented local eateries; named establishments, menus, prices and operating hours require field validation.","A working cluster for visitor-oriented local eateries; named establishments, menus, prices and operating hours require field validation. This entry is part of MADIA sa Partido’s preliminary working inventory for Presentacion. Exact coordinates, access arrangements, operating status, fees, schedules, accessibility, safety information, and current contact details must be confirmed from the responsible LGU office, establishment, or operator before public display.",,,,,Requires confirmation,Not publicly available,,,Requires confirmation,Not publicly available,Not publicly available,Not publicly available,,,,,,,,Not publicly available,Not publicly available,Requires confirmation,Not publicly available,Requires local confirmation,"Check current LGU, weather, sea-travel, and site advisories before visiting.",Not publicly available,https://partidodevelopmentadministration.gov.ph/presentacion/,,2026-06-29,,UNVERIFIED,Low,Lead only,,/municipalities/presentacion/presentacion-poblacion-eateries,,,,,,,,,,,,,,,,,,MADIA-SRC-013
MADIA-SAG-RES-001,MADIA-MUN-SAG,0501731000,Sagñay,Restaurant or Food Establishment,Local Food Cluster,Sagñay coastal seafood and local-food establishments,,Not publicly available,Not publicly available,,,,"A working cluster for seafood and local-food establishments; individual business records, menus, prices and operating status require validation.","A working cluster for seafood and local-food establishments; individual business records, menus, prices and operating status require validation. This entry is part of MADIA sa Partido’s preliminary working inventory for Sagñay. Exact coordinates, access arrangements, operating status, fees, schedules, accessibility, safety information, and current contact details must be confirmed from the responsible LGU office, establishment, or operator before public display.",,,,,Requires confirmation,Not publicly available,,,Requires confirmation,Not publicly available,Not publicly available,Not publicly available,,,,,,,,Not publicly available,Not publicly available,Requires confirmation,Not publicly available,Requires local confirmation,"Check current LGU, weather, sea-travel, and site advisories before visiting.",Not publicly available,https://partidodevelopmentadministration.gov.ph/sagnay/,,2026-06-29,,UNVERIFIED,Low,Lead only,,/municipalities/sagnay/sag-ay-coastal-seafood-and-local-food-establishments,,,,,,,,,,,,,,,,,,MADIA-SRC-015
MADIA-SJO-RES-001,MADIA-MUN-SJO,0501733000,San Jose,Restaurant or Food Establishment,Local Food Cluster,San Jose poblacion and Sabang food establishments,,Not publicly available,Not publicly available,,,,"A working cluster for local eateries and visitor food services; individual businesses, menus, prices and operating hours require verification.","A working cluster for local eateries and visitor food services; individual businesses, menus, prices and operating hours require verification. This entry is part of MADIA sa Partido’s preliminary working inventory for San Jose. Exact coordinates, access arrangements, operating status, fees, schedules, accessibility, safety information, and current contact details must be confirmed from the responsible LGU office, establishment, or operator before public display.",,,,,Requires confirmation,Not publicly available,,,Requires confirmation,Not publicly available,Not publicly available,Not publicly available,,,,,,,,Not publicly available,Not publicly available,Requires confirmation,Not publicly available,Requires local confirmation,"Check current LGU, weather, sea-travel, and site advisories before visiting.",Not publicly available,https://partidodevelopmentadministration.gov.ph/san-jose/,,2026-06-29,,UNVERIFIED,Low,Lead only,,/municipalities/san-jose/san-jose-poblacion-and-sabang-food-establishments,,,,,,,,,,,,,,,,,,MADIA-SRC-021
MADIA-SIR-RES-001,MADIA-MUN-SIR,0501735000,Siruma,Restaurant or Food Establishment,Resort Food Service,Siruma resort and coastal food-service cluster,,Not publicly available,Not publicly available,,,,"A provisional cluster covering food services at resorts and coastal communities; individual menus, prices, hours and public access require confirmation.","A provisional cluster covering food services at resorts and coastal communities; individual menus, prices, hours and public access require confirmation. This entry is part of MADIA sa Partido’s preliminary working inventory for Siruma. Exact coordinates, access arrangements, operating status, fees, schedules, accessibility, safety information, and current contact details must be confirmed from the responsible LGU office, establishment, or operator before public display.",,,,,Requires confirmation,Not publicly available,,,Requires confirmation,Not publicly available,Not publicly available,Not publicly available,,,,,,,,Not publicly available,Not publicly available,Requires confirmation,Not publicly available,Requires local confirmation,"Check current LGU, weather, sea-travel, and site advisories before visiting.",Not publicly available,https://partidodevelopmentadministration.gov.ph/siruma/,,2026-06-29,,UNVERIFIED,Low,Lead only,,/municipalities/siruma/siruma-resort-and-coastal-food-service-cluster,,,,,,,,,,,,,,,,,,MADIA-SRC-027
MADIA-TIG-RES-001,MADIA-MUN-TIG,0501736000,Tigaon,Restaurant or Food Establishment,Local Food Cluster,Tigaon poblacion restaurants and local-food establishments,,Not publicly available,Not publicly available,,,,"A working cluster for restaurants and local food in Tigaon; individual establishments, specialties, prices and operating status require verification.","A working cluster for restaurants and local food in Tigaon; individual establishments, specialties, prices and operating status require verification. This entry is part of MADIA sa Partido’s preliminary working inventory for Tigaon. Exact coordinates, access arrangements, operating status, fees, schedules, accessibility, safety information, and current contact details must be confirmed from the responsible LGU office, establishment, or operator before public display.",,,,,Requires confirmation,Not publicly available,,,Requires confirmation,Not publicly available,Not publicly available,Not publicly available,,,,,,,,Not publicly available,Not publicly available,Requires confirmation,Not publicly available,Requires local confirmation,"Check current LGU, weather, sea-travel, and site advisories before visiting.",Not publicly available,https://partidodevelopmentadministration.gov.ph/tigaon/,,2026-06-29,,UNVERIFIED,Low,Lead only,,/municipalities/tigaon/tigaon-poblacion-restaurants-and-local-food-establishments,,,,,,,,,,,,,,,,,,MADIA-SRC-031
MADIA-TIN-RES-001,MADIA-MUN-TIN,0501737000,Tinambac,Restaurant or Food Establishment,Food Event / Vendor Cluster,Comida Calle food vendors,,Not publicly available,Not publicly available,,,,A municipal street-food and evening culinary event held at the Tinambac Sports Complex during April–May 2026; individual vendors and future schedules require confirmation.,"A municipal street-food and evening culinary event held at the Tinambac Sports Complex during April–May 2026; individual vendors and future schedules require confirmation. This entry is part of MADIA sa Partido’s preliminary working inventory for Tinambac. Exact coordinates, access arrangements, operating status, fees, schedules, accessibility, safety information, and current contact details must be confirmed from the responsible LGU office, establishment, or operator before public display.",,,,,Requires confirmation,Not publicly available,,,Requires confirmation,Not publicly available,Not publicly available,Not publicly available,,,,,,,,Not publicly available,Not publicly available,Requires confirmation,Not publicly available,Requires local confirmation,"Check current LGU, weather, sea-travel, and site advisories before visiting.",Not publicly available,https://tinambac.gov.ph/comida-calle/,,2026-06-29,,PARTIALLY VERIFIED,High,Lead only,,/municipalities/tinambac/comida-calle-food-vendors,,,,,,,,,,,,,,,,,,MADIA-SRC-046
