record_id,municipality_id,official_psgc_code,municipality,category,subcategory,official_name,alternate_or_local_name,barangay,complete_address,latitude,longitude,map_link,short_description,full_description,key_features,activities_available,products_or_services_offered,amenities,operating_status,operating_days,opening_time,closing_time,seasonal_availability,entrance_fee,price_range,other_fees,contact_person_publicly_listed,telephone_number,mobile_number,email_address,official_website,official_social_media_page,booking_link,accessibility_information,parking_availability,public_transportation_access,recommended_visit_duration,best_time_to_visit,safety_or_travel_advisory,tourism_accreditation_or_registration,primary_source,secondary_verification_source,date_accessed,date_information_last_confirmed,verification_status,confidence_level,photo_availability,cover_photo_id,application_page_route,notes,source_ids,accommodation_type,room_types,approximate_room_rates,rate_basis,maximum_guest_capacity,check_in_time,check_out_time,air_conditioning,private_bathroom,wifi,restaurant_or_food_service,swimming_pool,beach_access,conference_or_function_facilities,pet_policy,booking_requirements,accepted_payment_methods,cancellation_information,rate_observation_date,booking_source,source_id
MADIA-CAR-ACC-001,MADIA-MUN-CAR,0501711000,Caramoan,Accommodation,Resort,Tugawe Cove Resort,,Colongcogong,Not publicly available,,,,"Official site lists rooms, address and reservation policies; pets are not allowed and a 20% non-refundable prepayment is stated.","Official site lists rooms, address and reservation policies; pets are not allowed and a 20% non-refundable prepayment is stated. This record is retained in MADIA sa Partido as a working entry. Exact coordinates, access, operating status, fees, schedules, safety, accessibility, contacts, and current visitor conditions must be confirmed before unrestricted public display.",,,,,Active,Not publicly available,,,Requires confirmation,Not publicly available,Not publicly recorded in inventory; dynamic booking only,Not publicly available,,,+63 917 650 7837; +63 917 650 7845,,https://www.tugawecoveresort.com/en/reservation/1000,,,Not publicly available,Not publicly available,Requires confirmation,Not publicly available,Requires local confirmation,"Check current LGU, weather, sea-travel, and site advisories before visiting.",Not publicly available,https://www.tugawecoveresort.com/en/reservation/1000,,2026-06-29,,PARTIALLY VERIFIED,High,Official website photos require permission/reuse verification.,,/municipalities/caramoan/tugawe-cove-resort,"Confirm current accreditation, full amenities, accessibility, transfer arrangements and observed rates before public display.",SRC-CAR-005; SRC-CAR-006,Resort,"Lakeside, Hillside and Hilltop room-area categories",Not publicly recorded in inventory; dynamic booking only,Observed or descriptive lead only; actual rates may vary,,,,Not publicly available,Not publicly available,Not publicly available,Not publicly available,Not publicly available,Not publicly available,Not publicly available,Not publicly available,Requires confirmation,Not publicly available,Not publicly available,,https://www.tugawecoveresort.com/en/reservation/1000,
MADIA-CAR-ACC-002,MADIA-MUN-CAR,0501711000,Caramoan,Accommodation,Resort,Gota Village Resort,,Gota / confirm barangay,Not publicly available,,,,"Current booking-platform listing indicates continued market presence, but the official operator page, current policies and availability require verification.","Current booking-platform listing indicates continued market presence, but the official operator page, current policies and availability require verification. This record is retained in MADIA sa Partido as a working entry. Exact coordinates, access, operating status, fees, schedules, safety, accessibility, contacts, and current visitor conditions must be confirmed before unrestricted public display.",,,,,Appears listed,Not publicly available,,,Requires confirmation,Not publicly available,Observed online rate as of 2026-06-29; actual rates may vary,Not publicly available,,,Not publicly confirmed,,https://www.expedia.com/Caramoan-Hotels-Gota-Village-Resort.h6657004.Hotel-Information/,,,Not publicly available,Not publicly available,Requires confirmation,Not publicly available,Requires local confirmation,"Check current LGU, weather, sea-travel, and site advisories before visiting.",Not publicly available,https://www.expedia.com/Caramoan-Hotels-Gota-Village-Resort.h6657004.Hotel-Information/,,2026-06-29,,PARTIALLY VERIFIED,Medium,Booking-platform images are Unclear – Do Not Use.,,/municipalities/caramoan/gota-village-resort,"Confirm operator, address, contacts, room inventory, accreditation and public access.",SRC-CAR-009,Resort,Not publicly available,Observed online rate as of 2026-06-29; actual rates may vary,Observed or descriptive lead only; actual rates may vary,,,,Not publicly available,Not publicly available,Not publicly available,Not publicly available,Not publicly available,Not publicly available,Not publicly available,Not publicly available,Requires confirmation,Not publicly available,Not publicly available,2026-06-29,https://www.expedia.com/Caramoan-Hotels-Gota-Village-Resort.h6657004.Hotel-Information/,
MADIA-CAR-ACC-003,MADIA-MUN-CAR,0501711000,Caramoan,Accommodation,Guesthouse / beachfront accommodation,Residencia de Salvacion,,Paniman,Not publicly available,,,,"Owner-controlled website identifies a beachfront location in Sohoton, Barangay Paniman and describes accommodation and tour services.","Owner-controlled website identifies a beachfront location in Sohoton, Barangay Paniman and describes accommodation and tour services. This record is retained in MADIA sa Partido as a working entry. Exact coordinates, access, operating status, fees, schedules, safety, accessibility, contacts, and current visitor conditions must be confirmed before unrestricted public display.",,,,,Appears active,Not publicly available,,,Requires confirmation,Not publicly available,Not publicly available,Not publicly available,,,Not publicly confirmed,,https://residenciadesalvacion.weebly.com/,,,Not publicly available,Not publicly available,Requires confirmation,Not publicly available,Requires local confirmation,"Check current LGU, weather, sea-travel, and site advisories before visiting.",Not publicly available,https://residenciadesalvacion.weebly.com/,,2026-06-29,,PARTIALLY VERIFIED,Medium,Website/social photos require permission.,,/municipalities/caramoan/residencia-de-salvacion,"Confirm current operations, room types, rates, amenities, contacts and tourism accreditation.",SRC-CAR-007,Guesthouse / beachfront accommodation,Not publicly available,Not publicly available,Observed or descriptive lead only; actual rates may vary,,,,Not publicly available,Not publicly available,Not publicly available,Not publicly available,Not publicly available,Not publicly available,Not publicly available,Not publicly available,Requires confirmation,Not publicly available,Not publicly available,,https://residenciadesalvacion.weebly.com/,
MADIA-CAR-ACC-004,MADIA-MUN-CAR,0501711000,Caramoan,Accommodation,Lodge / beachfront accommodation,Paniman Bay Lodge,,Paniman,Not publicly available,,,,"Current booking-platform listings identify a beachside accommodation near Gota Beach, with restaurant/bar leads that require owner verification.","Current booking-platform listings identify a beachside accommodation near Gota Beach, with restaurant/bar leads that require owner verification. This record is retained in MADIA sa Partido as a working entry. Exact coordinates, access, operating status, fees, schedules, safety, accessibility, contacts, and current visitor conditions must be confirmed before unrestricted public display.",,,,,Appears listed,Not publicly available,,,Requires confirmation,Not publicly available,Observed online rate as of 2026-06-29; actual rates may vary,Not publicly available,,,Not publicly confirmed,,https://www.expedia.com.ph/Caramoan-Hotels-Paniman-Bay-Lodge.h29078199.Hotel-Information,,,Not publicly available,Not publicly available,Requires confirmation,Not publicly available,Requires local confirmation,"Check current LGU, weather, sea-travel, and site advisories before visiting.",Not publicly available,https://www.expedia.com.ph/Caramoan-Hotels-Paniman-Bay-Lodge.h29078199.Hotel-Information,,2026-06-29,,PARTIALLY VERIFIED,Medium,Booking-platform images are Unclear – Do Not Use.,,/municipalities/caramoan/paniman-bay-lodge,"Confirm operator, contacts, current amenities, policies and accreditation.",SRC-CAR-008,Lodge / beachfront accommodation,Not publicly available,Observed online rate as of 2026-06-29; actual rates may vary,Observed or descriptive lead only; actual rates may vary,,,,Not publicly available,Not publicly available,Not publicly available,Not publicly available,Not publicly available,Not publicly available,Not publicly available,Not publicly available,Requires confirmation,Not publicly available,Not publicly available,2026-06-29,https://www.expedia.com.ph/Caramoan-Hotels-Paniman-Bay-Lodge.h29078199.Hotel-Information,
MADIA-CAR-ACC-005,MADIA-MUN-CAR,0501711000,Caramoan,Accommodation,Beachfront accommodation,RMTM's Front Beach Resort / Beachfront Accommodation,,Paniman,Not publicly available,,,,A candidate beachfront accommodation repeatedly mentioned in recent visitor discussions but not yet supported by a verified official website or current listing.,"A candidate beachfront accommodation repeatedly mentioned in recent visitor discussions but not yet supported by a verified official website or current listing. This record is retained in MADIA sa Partido as a working entry. Exact coordinates, access, operating status, fees, schedules, safety, accessibility, contacts, and current visitor conditions must be confirmed before unrestricted public display.",,,,,Appears active from recent community mention,Not publicly available,,,Requires confirmation,Not publicly available,Not publicly available,Not publicly available,,,Not publicly confirmed,,https://www.reddit.com/r/Bicol/comments/1tm5wyr/what_time_ang_unang_byahe_ng_bus_or_van_from/,,,Not publicly available,Not publicly available,Requires confirmation,Not publicly available,Requires local confirmation,"Check current LGU, weather, sea-travel, and site advisories before visiting.",Not publicly available,https://www.reddit.com/r/Bicol/comments/1tm5wyr/what_time_ang_unang_byahe_ng_bus_or_van_from/,,2026-06-29,,UNVERIFIED,Low,Social/visitor photos require permission.,,/municipalities/caramoan/rmtm-s-front-beach-resort-beachfront-accommodation,"Find official page/owner contact and verify exact name, address, rates, amenities and status.",SRC-CAR-015,Beachfront accommodation,Not publicly available,Not publicly available,Observed or descriptive lead only; actual rates may vary,,,,Not publicly available,Not publicly available,Not publicly available,Not publicly available,Not publicly available,Not publicly available,Not publicly available,Not publicly available,Requires confirmation,Not publicly available,Not publicly available,,https://www.reddit.com/r/Bicol/comments/1tm5wyr/what_time_ang_unang_byahe_ng_bus_or_van_from/,
MADIA-CAR-ACC-006,MADIA-MUN-CAR,0501711000,Caramoan,Accommodation,Beach resort,Airusxander Beach Resort,,Paniman,Not publicly available,,,,A candidate Paniman accommodation referenced by recent travelers; current official business details remain unverified.,"A candidate Paniman accommodation referenced by recent travelers; current official business details remain unverified. This record is retained in MADIA sa Partido as a working entry. Exact coordinates, access, operating status, fees, schedules, safety, accessibility, contacts, and current visitor conditions must be confirmed before unrestricted public display.",,,,,Appears active from recent community mention,Not publicly available,,,Requires confirmation,Not publicly available,Not publicly available,Not publicly available,,,Not publicly confirmed,,https://www.reddit.com/r/Bicol/comments/1tm5wyr/what_time_ang_unang_byahe_ng_bus_or_van_from/,,,Not publicly available,Not publicly available,Requires confirmation,Not publicly available,Requires local confirmation,"Check current LGU, weather, sea-travel, and site advisories before visiting.",Not publicly available,https://www.reddit.com/r/Bicol/comments/1tm5wyr/what_time_ang_unang_byahe_ng_bus_or_van_from/,,2026-06-29,,UNVERIFIED,Low,Social/visitor photos require permission.,,/municipalities/caramoan/airusxander-beach-resort,"Verify official page, owner contact, exact address, rates, amenities and active status.",SRC-CAR-015,Beach resort,Not publicly available,Not publicly available,Observed or descriptive lead only; actual rates may vary,,,,Not publicly available,Not publicly available,Not publicly available,Not publicly available,Not publicly available,Not publicly available,Not publicly available,Not publicly available,Requires confirmation,Not publicly available,Not publicly available,,https://www.reddit.com/r/Bicol/comments/1tm5wyr/what_time_ang_unang_byahe_ng_bus_or_van_from/,
MADIA-CAR-ACC-007,MADIA-MUN-CAR,0501711000,Caramoan,Accommodation,Villa / guest accommodation,CMC Villa Caramoan,,Confirm,Not publicly available,,,,"A preliminary accommodation lead requiring confirmation of its exact identity, location, operating status and visitor services.","A preliminary accommodation lead requiring confirmation of its exact identity, location, operating status and visitor services. This record is retained in MADIA sa Partido as a working entry. Exact coordinates, access, operating status, fees, schedules, safety, accessibility, contacts, and current visitor conditions must be confirmed before unrestricted public display.",,,,,Requires confirmation,Not publicly available,,,Requires confirmation,Not publicly available,Not publicly available,Not publicly available,,,Not publicly confirmed,,,,,Not publicly available,Not publicly available,Requires confirmation,Not publicly available,Requires local confirmation,"Check current LGU, weather, sea-travel, and site advisories before visiting.",Not publicly available,,,2026-06-29,,UNVERIFIED,Low,No approved photos.,,/municipalities/caramoan/cmc-villa-caramoan,Locate authoritative or owner-controlled source.,Not yet assigned,Villa / guest accommodation,Not publicly available,Not publicly available,Observed or descriptive lead only; actual rates may vary,,,,Not publicly available,Not publicly available,Not publicly available,Not publicly available,Not publicly available,Not publicly available,Not publicly available,Not publicly available,Requires confirmation,Not publicly available,Not publicly available,,,
MADIA-CAR-ACC-008,MADIA-MUN-CAR,0501711000,Caramoan,Accommodation,Tourist inn,Rex Tourist Inn,,Confirm,Not publicly available,,,,A preliminary lodging lead requiring confirmation before it is included in public search results or accommodation counts.,"A preliminary lodging lead requiring confirmation before it is included in public search results or accommodation counts. This record is retained in MADIA sa Partido as a working entry. Exact coordinates, access, operating status, fees, schedules, safety, accessibility, contacts, and current visitor conditions must be confirmed before unrestricted public display.",,,,,Requires confirmation,Not publicly available,,,Requires confirmation,Not publicly available,Not publicly available,Not publicly available,,,Not publicly confirmed,,,,,Not publicly available,Not publicly available,Requires confirmation,Not publicly available,Requires local confirmation,"Check current LGU, weather, sea-travel, and site advisories before visiting.",Not publicly available,,,2026-06-29,,UNVERIFIED,Low,No approved photos.,,/municipalities/caramoan/rex-tourist-inn,"Confirm exact name, address, contacts, current status and accreditation.",Not yet assigned,Tourist inn,Not publicly available,Not publicly available,Observed or descriptive lead only; actual rates may vary,,,,Not publicly available,Not publicly available,Not publicly available,Not publicly available,Not publicly available,Not publicly available,Not publicly available,Not publicly available,Requires confirmation,Not publicly available,Not publicly available,,,
MADIA-CAR-ACC-009,MADIA-MUN-CAR,0501711000,Caramoan,Accommodation,Guesthouse / homestay lead,Mekeni Home,,Confirm,Not publicly available,,,,"A preliminary accommodation lead that requires verification of legal business name, exact location, booking channel and active status.","A preliminary accommodation lead that requires verification of legal business name, exact location, booking channel and active status. This record is retained in MADIA sa Partido as a working entry. Exact coordinates, access, operating status, fees, schedules, safety, accessibility, contacts, and current visitor conditions must be confirmed before unrestricted public display.",,,,,Requires confirmation,Not publicly available,,,Requires confirmation,Not publicly available,Not publicly available,Not publicly available,,,Not publicly confirmed,,,,,Not publicly available,Not publicly available,Requires confirmation,Not publicly available,Requires local confirmation,"Check current LGU, weather, sea-travel, and site advisories before visiting.",Not publicly available,,,2026-06-29,,UNVERIFIED,Low,No approved photos.,,/municipalities/caramoan/mekeni-home,Obtain official or owner-controlled source.,Not yet assigned,Guesthouse / homestay lead,Not publicly available,Not publicly available,Observed or descriptive lead only; actual rates may vary,,,,Not publicly available,Not publicly available,Not publicly available,Not publicly available,Not publicly available,Not publicly available,Not publicly available,Not publicly available,Requires confirmation,Not publicly available,Not publicly available,,,
MADIA-CAR-ACC-010,MADIA-MUN-CAR,0501711000,Caramoan,Accommodation,Inn,CK Inn,,Caramoan / confirm barangay,Not publicly available,,,,A current directory lead for an inn in Caramoan that needs direct confirmation before public use.,"A current directory lead for an inn in Caramoan that needs direct confirmation before public use. This record is retained in MADIA sa Partido as a working entry. Exact coordinates, access, operating status, fees, schedules, safety, accessibility, contacts, and current visitor conditions must be confirmed before unrestricted public display.",,,,,Appears in current directory,Not publicly available,,,Requires confirmation,Not publicly available,Not publicly available,Not publicly available,,,0947 524 5858 – directory lead only,,,,,Not publicly available,Not publicly available,Requires confirmation,Not publicly available,Requires local confirmation,"Check current LGU, weather, sea-travel, and site advisories before visiting.",Not publicly available,,,2026-06-29,,UNVERIFIED,Low,Directory/social photos not approved.,,/municipalities/caramoan/ck-inn,"Confirm owner, exact address, active status, rates and amenities.",Not yet assigned,Inn,Not publicly available,Not publicly available,Observed or descriptive lead only; actual rates may vary,,,,Not publicly available,Not publicly available,Not publicly available,Not publicly available,Not publicly available,Not publicly available,Not publicly available,Not publicly available,Requires confirmation,Not publicly available,Not publicly available,,,
MADIA-GAR-ACC-001,MADIA-MUN-GAR,0501714000,Garchitorena,Accommodation,Beach Resort,Casablanca Beach Resort,,Not publicly available,Not publicly available,,,,"A beach-resort accommodation lead in Garchitorena requiring current owner, room, rate, amenity and booking verification.","A beach-resort accommodation lead in Garchitorena requiring current owner, room, rate, amenity and booking verification. This entry is part of MADIA sa Partido’s preliminary working inventory for Garchitorena. Exact coordinates, access arrangements, operating status, fees, schedules, accessibility, safety information, and current contact details must be confirmed from the responsible LGU office, establishment, or operator before public display.",,,,,Requires confirmation,Not publicly available,,,Requires confirmation,Not publicly available,Not publicly available,Not publicly available,,,,,,,,Not publicly available,Not publicly available,Requires confirmation,Not publicly available,Requires local confirmation,"Check current LGU, weather, sea-travel, and site advisories before visiting.",Not publicly available,https://partidodevelopmentadministration.gov.ph/garchitorena/,,2026-06-29,,UNVERIFIED,Low,Lead only,,/municipalities/garchitorena/casablanca-beach-resort,,,,,,,,,,,,,,,,,,,,,,,MADIA-SRC-001
MADIA-GAR-ACC-002,MADIA-MUN-GAR,0501714000,Garchitorena,Accommodation,Beach Resort,Sea Breeze Resort,,Not publicly available,Not publicly available,,,,"A coastal resort lead requiring confirmation of active operation, exact address, rates, amenities and official booking channels.","A coastal resort lead requiring confirmation of active operation, exact address, rates, amenities and official booking channels. This entry is part of MADIA sa Partido’s preliminary working inventory for Garchitorena. Exact coordinates, access arrangements, operating status, fees, schedules, accessibility, safety information, and current contact details must be confirmed from the responsible LGU office, establishment, or operator before public display.",,,,,Requires confirmation,Not publicly available,,,Requires confirmation,Not publicly available,Not publicly available,Not publicly available,,,,,,,,Not publicly available,Not publicly available,Requires confirmation,Not publicly available,Requires local confirmation,"Check current LGU, weather, sea-travel, and site advisories before visiting.",Not publicly available,https://partidodevelopmentadministration.gov.ph/garchitorena/,,2026-06-29,,UNVERIFIED,Low,Lead only,,/municipalities/garchitorena/sea-breeze-resort,,,,,,,,,,,,,,,,,,,,,,,MADIA-SRC-001
MADIA-GOA-ACC-001,MADIA-MUN-GOA,0501715000,Goa,Accommodation,Inn,Obias Inn,,Not publicly available,Not publicly available,,,,"An inn listing in Goa requiring direct confirmation of active operation, room types, rates, amenities and official booking contact.","An inn listing in Goa requiring direct confirmation of active operation, room types, rates, amenities and official booking contact. This entry is part of MADIA sa Partido’s preliminary working inventory for Goa. Exact coordinates, access arrangements, operating status, fees, schedules, accessibility, safety information, and current contact details must be confirmed from the responsible LGU office, establishment, or operator before public display.",,,,,Requires confirmation,Not publicly available,,,Requires confirmation,Not publicly available,Not publicly available,Not publicly available,,,,,https://www.bizippines.com/obias-inn-0929-230-2022,,,Not publicly available,Not publicly available,Requires confirmation,Not publicly available,Requires local confirmation,"Check current LGU, weather, sea-travel, and site advisories before visiting.",Not publicly available,https://www.bizippines.com/obias-inn-0929-230-2022,,2026-06-29,,UNVERIFIED,Low,Lead only,,/municipalities/goa/obias-inn,,,,,,,,,,,,,,,,,,,,,,,MADIA-SRC-006
MADIA-GOA-ACC-002,MADIA-MUN-GOA,0501715000,Goa,Accommodation,Resort / Recreation Center,CraigVille Resort and Recreation Center,,Not publicly available,Not publicly available,,,,"A resort and recreation listing in Goa requiring confirmation of current operation, accommodation offer, facilities, rates and booking channels.","A resort and recreation listing in Goa requiring confirmation of current operation, accommodation offer, facilities, rates and booking channels. This entry is part of MADIA sa Partido’s preliminary working inventory for Goa. Exact coordinates, access arrangements, operating status, fees, schedules, accessibility, safety information, and current contact details must be confirmed from the responsible LGU office, establishment, or operator before public display.",,,,,Requires confirmation,Not publicly available,,,Requires confirmation,Not publicly available,Not publicly available,Not publicly available,,,,,https://www.bizippines.com/craigville-resort-and-recreation-center-0917-554-5884,,,Not publicly available,Not publicly available,Requires confirmation,Not publicly available,Requires local confirmation,"Check current LGU, weather, sea-travel, and site advisories before visiting.",Not publicly available,https://www.bizippines.com/craigville-resort-and-recreation-center-0917-554-5884,,2026-06-29,,UNVERIFIED,Low,Lead only,,/municipalities/goa/craigville-resort-and-recreation-center,,,,,,,,,,,,,,,,,,,,,,,MADIA-SRC-007
MADIA-LAG-ACC-001,MADIA-MUN-LAG,0501717000,Lagonoy,Accommodation,Farm Retreat / Resort,Lolo Eyong’s Farm Retreat and Resort,,San Rafael,Not publicly available,,,,"A farm-retreat accommodation lead in San Rafael, Lagonoy, requiring confirmation of official booking channel, rates, capacity and amenities.","A farm-retreat accommodation lead in San Rafael, Lagonoy, requiring confirmation of official booking channel, rates, capacity and amenities. This entry is part of MADIA sa Partido’s preliminary working inventory for Lagonoy. Exact coordinates, access arrangements, operating status, fees, schedules, accessibility, safety information, and current contact details must be confirmed from the responsible LGU office, establishment, or operator before public display.",,,,,Requires confirmation,Not publicly available,,,Requires confirmation,Not publicly available,Not publicly available,Not publicly available,,,,,https://www.skyscanner.jp/hotels/philippines/pulang-daga-hotels/lolo-eyong-s-farm-retreat-and-resort/ht-223759962,,,Not publicly available,Not publicly available,Requires confirmation,Not publicly available,Requires local confirmation,"Check current LGU, weather, sea-travel, and site advisories before visiting.",Not publicly available,https://www.skyscanner.jp/hotels/philippines/pulang-daga-hotels/lolo-eyong-s-farm-retreat-and-resort/ht-223759962,,2026-06-29,,PARTIALLY VERIFIED,Medium,Lead only,,/municipalities/lagonoy/lolo-eyong-s-farm-retreat-and-resort,,,,,,,,,,,,,,,,,,,,,,,MADIA-SRC-010
MADIA-PRE-ACC-001,MADIA-MUN-PRE,0501729000,Presentacion,Accommodation,Hotel / Beach Accommodation,Aguirangan View Beach Hotel,,Not publicly available,Not publicly available,,,,"An accommodation lead serving Presentacion and Aguirangan visitors; active operation, exact address, rates, capacity and booking channels require confirmation.","An accommodation lead serving Presentacion and Aguirangan visitors; active operation, exact address, rates, capacity and booking channels require confirmation. This entry is part of MADIA sa Partido’s preliminary working inventory for Presentacion. Exact coordinates, access arrangements, operating status, fees, schedules, accessibility, safety information, and current contact details must be confirmed from the responsible LGU office, establishment, or operator before public display.",,,,,Requires confirmation,Not publicly available,,,Requires confirmation,Not publicly available,Not publicly available,Not publicly available,,,,,https://www.facebook.com/search/top?q=Aguirangan%20View%20Beach%20Hotel,,,Not publicly available,Not publicly available,Requires confirmation,Not publicly available,Requires local confirmation,"Check current LGU, weather, sea-travel, and site advisories before visiting.",Not publicly available,https://www.facebook.com/search/top?q=Aguirangan%20View%20Beach%20Hotel,,2026-06-29,,UNVERIFIED,Low,Lead only,,/municipalities/presentacion/aguirangan-view-beach-hotel,,,,,,,,,,,,,,,,,,,,,,,MADIA-SRC-014
MADIA-SAG-ACC-001,MADIA-MUN-SAG,0501731000,Sagñay,Accommodation,Beach Resort,Andemi Beach Resort,,Not publicly available,Not publicly available,,,,"A Sagñay beach-resort lead requiring verification of official page, current operation, exact address, rooms, rates, amenities and booking process.","A Sagñay beach-resort lead requiring verification of official page, current operation, exact address, rooms, rates, amenities and booking process. This entry is part of MADIA sa Partido’s preliminary working inventory for Sagñay. Exact coordinates, access arrangements, operating status, fees, schedules, accessibility, safety information, and current contact details must be confirmed from the responsible LGU office, establishment, or operator before public display.",,,,,Requires confirmation,Not publicly available,,,Requires confirmation,Not publicly available,Not publicly available,Not publicly available,,,,,https://www.facebook.com/search/top?q=Andemi%20Beach%20Resort%20Sagnay,,,Not publicly available,Not publicly available,Requires confirmation,Not publicly available,Requires local confirmation,"Check current LGU, weather, sea-travel, and site advisories before visiting.",Not publicly available,https://www.facebook.com/search/top?q=Andemi%20Beach%20Resort%20Sagnay,,2026-06-29,,UNVERIFIED,Low,Lead only,,/municipalities/sagnay/andemi-beach-resort,,,,,,,,,,,,,,,,,,,,,,,MADIA-SRC-018
MADIA-SAG-ACC-002,MADIA-MUN-SAG,0501731000,Sagñay,Accommodation,Beach Resort,TouRESTin Beach Resort,,Not publicly available,Not publicly available,,,,"A Sagñay beach-resort lead requiring verification of official page, current operation, exact address, rooms, rates, amenities and booking process.","A Sagñay beach-resort lead requiring verification of official page, current operation, exact address, rooms, rates, amenities and booking process. This entry is part of MADIA sa Partido’s preliminary working inventory for Sagñay. Exact coordinates, access arrangements, operating status, fees, schedules, accessibility, safety information, and current contact details must be confirmed from the responsible LGU office, establishment, or operator before public display.",,,,,Requires confirmation,Not publicly available,,,Requires confirmation,Not publicly available,Not publicly available,Not publicly available,,,,,https://www.facebook.com/search/top?q=TouRESTin%20Beach%20Resort%20Sagnay,,,Not publicly available,Not publicly available,Requires confirmation,Not publicly available,Requires local confirmation,"Check current LGU, weather, sea-travel, and site advisories before visiting.",Not publicly available,https://www.facebook.com/search/top?q=TouRESTin%20Beach%20Resort%20Sagnay,,2026-06-29,,UNVERIFIED,Low,Lead only,,/municipalities/sagnay/tourestin-beach-resort,,,,,,,,,,,,,,,,,,,,,,,MADIA-SRC-019
MADIA-SAG-ACC-003,MADIA-MUN-SAG,0501731000,Sagñay,Accommodation,Beach Resort,Mahayahay Beach Resort,,Not publicly available,Not publicly available,,,,"A Sagñay beach-resort lead requiring verification of official page, current operation, exact address, rooms, rates, amenities and booking process.","A Sagñay beach-resort lead requiring verification of official page, current operation, exact address, rooms, rates, amenities and booking process. This entry is part of MADIA sa Partido’s preliminary working inventory for Sagñay. Exact coordinates, access arrangements, operating status, fees, schedules, accessibility, safety information, and current contact details must be confirmed from the responsible LGU office, establishment, or operator before public display.",,,,,Requires confirmation,Not publicly available,,,Requires confirmation,Not publicly available,Not publicly available,Not publicly available,,,,,https://www.facebook.com/search/top?q=Mahayahay%20Beach%20Resort%20Sagnay,,,Not publicly available,Not publicly available,Requires confirmation,Not publicly available,Requires local confirmation,"Check current LGU, weather, sea-travel, and site advisories before visiting.",Not publicly available,https://www.facebook.com/search/top?q=Mahayahay%20Beach%20Resort%20Sagnay,,2026-06-29,,UNVERIFIED,Low,Lead only,,/municipalities/sagnay/mahayahay-beach-resort,,,,,,,,,,,,,,,,,,,,,,,MADIA-SRC-020
MADIA-SJO-ACC-001,MADIA-MUN-SJO,0501733000,San Jose,Accommodation,Beach Resort,Sabang Beach Resort,,Not publicly available,Not publicly available,,,,"A beach-resort lead in San Jose requiring confirmation of official operator, current room inventory, rates, amenities and booking procedures.","A beach-resort lead in San Jose requiring confirmation of official operator, current room inventory, rates, amenities and booking procedures. This entry is part of MADIA sa Partido’s preliminary working inventory for San Jose. Exact coordinates, access arrangements, operating status, fees, schedules, accessibility, safety information, and current contact details must be confirmed from the responsible LGU office, establishment, or operator before public display.",,,,,Requires confirmation,Not publicly available,,,Requires confirmation,Not publicly available,Not publicly available,Not publicly available,,,,,,,,Not publicly available,Not publicly available,Requires confirmation,Not publicly available,Requires local confirmation,"Check current LGU, weather, sea-travel, and site advisories before visiting.",Not publicly available,https://partidodevelopmentadministration.gov.ph/san-jose/,,2026-06-29,,PARTIALLY VERIFIED,Medium,Lead only,,/municipalities/san-jose/sabang-beach-resort,,,,,,,,,,,,,,,,,,,,,,,MADIA-SRC-021
MADIA-SJO-ACC-002,MADIA-MUN-SJO,0501733000,San Jose,Accommodation,Resort,Port Alfred Resort,,Not publicly available,Not publicly available,,,,"A resort accommodation lead requiring verification of active operation, exact address, facilities, rates and authentic booking channel.","A resort accommodation lead requiring verification of active operation, exact address, facilities, rates and authentic booking channel. This entry is part of MADIA sa Partido’s preliminary working inventory for San Jose. Exact coordinates, access arrangements, operating status, fees, schedules, accessibility, safety information, and current contact details must be confirmed from the responsible LGU office, establishment, or operator before public display.",,,,,Requires confirmation,Not publicly available,,,Requires confirmation,Not publicly available,Not publicly available,Not publicly available,,,,,https://www.facebook.com/search/top?q=Port%20Alfred%20Resort%20San%20Jose%20Camarines%20Sur,,,Not publicly available,Not publicly available,Requires confirmation,Not publicly available,Requires local confirmation,"Check current LGU, weather, sea-travel, and site advisories before visiting.",Not publicly available,https://www.facebook.com/search/top?q=Port%20Alfred%20Resort%20San%20Jose%20Camarines%20Sur,,2026-06-29,,UNVERIFIED,Low,Lead only,,/municipalities/san-jose/port-alfred-resort,,,,,,,,,,,,,,,,,,,,,,,MADIA-SRC-024
MADIA-SJO-ACC-003,MADIA-MUN-SJO,0501733000,San Jose,Accommodation,Coastal Resort,The Gulf Tide Resort,,Not publicly available,Not publicly available,,,,"A coastal resort lead on the San Jose shoreline of Lagonoy Gulf; current operating status, rates, amenities and booking procedures require confirmation.","A coastal resort lead on the San Jose shoreline of Lagonoy Gulf; current operating status, rates, amenities and booking procedures require confirmation. This entry is part of MADIA sa Partido’s preliminary working inventory for San Jose. Exact coordinates, access arrangements, operating status, fees, schedules, accessibility, safety information, and current contact details must be confirmed from the responsible LGU office, establishment, or operator before public display.",,,,,Requires confirmation,Not publicly available,,,Requires confirmation,Not publicly available,Not publicly available,Not publicly available,,,,,https://gulftide.weebly.com/,,,Not publicly available,Not publicly available,Requires confirmation,Not publicly available,Requires local confirmation,"Check current LGU, weather, sea-travel, and site advisories before visiting.",Not publicly available,https://gulftide.weebly.com/,,2026-06-29,,PARTIALLY VERIFIED,Medium,Lead only,,/municipalities/san-jose/the-gulf-tide-resort,,,,,,,,,,,,,,,,,,,,,,,MADIA-SRC-025
MADIA-SIR-ACC-001,MADIA-MUN-SIR,0501735000,Siruma,Accommodation,Coastal Resort,KiudKad – The Last Resort,,San Ramon,Not publicly available,,,,"A coastal accommodation in San Ramon, Siruma, documented by Naga tourism information; current room types, rates, facilities and booking contact require confirmation.","A coastal accommodation in San Ramon, Siruma, documented by Naga tourism information; current room types, rates, facilities and booking contact require confirmation. This entry is part of MADIA sa Partido’s preliminary working inventory for Siruma. Exact coordinates, access arrangements, operating status, fees, schedules, accessibility, safety information, and current contact details must be confirmed from the responsible LGU office, establishment, or operator before public display.",,,,,Requires confirmation,Not publicly available,,,Requires confirmation,Not publicly available,Not publicly available,Not publicly available,,,,,,,,Not publicly available,Not publicly available,Requires confirmation,Not publicly available,Requires local confirmation,"Check current LGU, weather, sea-travel, and site advisories before visiting.",Not publicly available,https://tourism.naga.gov.ph/metronaga-tres/kiudkad-the-last-resort/,,2026-06-29,,PARTIALLY VERIFIED,High,Lead only,,/municipalities/siruma/kiudkad-the-last-resort,,,,,,,,,,,,,,,,,,,,,,,MADIA-SRC-030
MADIA-SIR-ACC-002,MADIA-MUN-SIR,0501735000,Siruma,Accommodation,Private Island Resort,Green Rock Island Retreat,,Not publicly available,Not publicly available,,,,"A private-island accommodation on Matandang Siruma Island with beach access; current rates, inclusions, transfer requirements and capacity require confirmation.","A private-island accommodation on Matandang Siruma Island with beach access; current rates, inclusions, transfer requirements and capacity require confirmation. This entry is part of MADIA sa Partido’s preliminary working inventory for Siruma. Exact coordinates, access arrangements, operating status, fees, schedules, accessibility, safety information, and current contact details must be confirmed from the responsible LGU office, establishment, or operator before public display.",,,,,Requires confirmation,Not publicly available,,,Requires confirmation,Not publicly available,Not publicly available,Not publicly available,,,,,https://www.greenrocksiruma.com/,,,Not publicly available,Not publicly available,Requires confirmation,Not publicly available,Requires local confirmation,"Check current LGU, weather, sea-travel, and site advisories before visiting.",Not publicly available,https://www.greenrocksiruma.com/,,2026-06-29,,PARTIALLY VERIFIED,High,Lead only,,/municipalities/siruma/green-rock-island-retreat,,,,,,,,,,,,,,,,,,,,,,,MADIA-SRC-029
MADIA-TIG-ACC-001,MADIA-MUN-TIG,0501736000,Tigaon,Accommodation,Resort / Hotel,SMDP Resort Hotel CamSur,,Not publicly available,Not publicly available,,,,"An accommodation lead in Tigaon requiring confirmation of current room inventory, rates, capacity, amenities and official booking arrangements.","An accommodation lead in Tigaon requiring confirmation of current room inventory, rates, capacity, amenities and official booking arrangements. This entry is part of MADIA sa Partido’s preliminary working inventory for Tigaon. Exact coordinates, access arrangements, operating status, fees, schedules, accessibility, safety information, and current contact details must be confirmed from the responsible LGU office, establishment, or operator before public display.",,,,,Requires confirmation,Not publicly available,,,Requires confirmation,Not publicly available,Not publicly available,Not publicly available,,,,,https://www.cocotel.com/public/index.php/ph/SMDP%20Resort%20Hotel%20Tigaon%2C%20Camsur,,,Not publicly available,Not publicly available,Requires confirmation,Not publicly available,Requires local confirmation,"Check current LGU, weather, sea-travel, and site advisories before visiting.",Not publicly available,https://www.cocotel.com/public/index.php/ph/SMDP%20Resort%20Hotel%20Tigaon%2C%20Camsur,,2026-06-29,,PARTIALLY VERIFIED,High,Lead only,,/municipalities/tigaon/smdp-resort-hotel-camsur,,,,,,,,,,,,,,,,,,,,,,,MADIA-SRC-034
MADIA-TIG-ACC-002,MADIA-MUN-TIG,0501736000,Tigaon,Accommodation,Resort / Hotel,Helen’s Havens Resort,,Not publicly available,Not publicly available,,,,"An accommodation lead in Tigaon requiring confirmation of current room inventory, rates, capacity, amenities and official booking arrangements.","An accommodation lead in Tigaon requiring confirmation of current room inventory, rates, capacity, amenities and official booking arrangements. This entry is part of MADIA sa Partido’s preliminary working inventory for Tigaon. Exact coordinates, access arrangements, operating status, fees, schedules, accessibility, safety information, and current contact details must be confirmed from the responsible LGU office, establishment, or operator before public display.",,,,,Requires confirmation,Not publicly available,,,Requires confirmation,Not publicly available,Not publicly available,Not publicly available,,,,,https://www.bizippines.com/helens-havens-resort-0948-390-2325,,,Not publicly available,Not publicly available,Requires confirmation,Not publicly available,Requires local confirmation,"Check current LGU, weather, sea-travel, and site advisories before visiting.",Not publicly available,https://www.bizippines.com/helens-havens-resort-0948-390-2325,,2026-06-29,,UNVERIFIED,Low,Lead only,,/municipalities/tigaon/helen-s-havens-resort,,,,,,,,,,,,,,,,,,,,,,,MADIA-SRC-035
MADIA-TIG-ACC-003,MADIA-MUN-TIG,0501736000,Tigaon,Accommodation,Resort / Hotel,Churinga Eco Resort,,Not publicly available,Not publicly available,,,,"An accommodation lead in Tigaon requiring confirmation of current room inventory, rates, capacity, amenities and official booking arrangements.","An accommodation lead in Tigaon requiring confirmation of current room inventory, rates, capacity, amenities and official booking arrangements. This entry is part of MADIA sa Partido’s preliminary working inventory for Tigaon. Exact coordinates, access arrangements, operating status, fees, schedules, accessibility, safety information, and current contact details must be confirmed from the responsible LGU office, establishment, or operator before public display.",,,,,Requires confirmation,Not publicly available,,,Requires confirmation,Not publicly available,Not publicly available,Not publicly available,,,,,https://www.churingaecoresort.com/,,,Not publicly available,Not publicly available,Requires confirmation,Not publicly available,Requires local confirmation,"Check current LGU, weather, sea-travel, and site advisories before visiting.",Not publicly available,https://www.churingaecoresort.com/,,2026-06-29,,PARTIALLY VERIFIED,High,Lead only,,/municipalities/tigaon/churinga-eco-resort,,,,,,,,,,,,,,,,,,,,,,,MADIA-SRC-036
MADIA-TIN-ACC-001,MADIA-MUN-TIN,0501737000,Tinambac,Accommodation,Beach Resort,Jacob RR Resort,,Not publicly available,Not publicly available,,,,"A coastal accommodation in Tinambac with beach and pool amenities described on its official website; current rates, capacity, policies and transfer details require confirmation.","A coastal accommodation in Tinambac with beach and pool amenities described on its official website; current rates, capacity, policies and transfer details require confirmation. This entry is part of MADIA sa Partido’s preliminary working inventory for Tinambac. Exact coordinates, access arrangements, operating status, fees, schedules, accessibility, safety information, and current contact details must be confirmed from the responsible LGU office, establishment, or operator before public display.",,,,,Requires confirmation,Not publicly available,,,Requires confirmation,Not publicly available,Not publicly available,Not publicly available,,,,,https://www.jacobrrresort.com/,,,Not publicly available,Not publicly available,Requires confirmation,Not publicly available,Requires local confirmation,"Check current LGU, weather, sea-travel, and site advisories before visiting.",Not publicly available,https://www.jacobrrresort.com/,,2026-06-29,,PARTIALLY VERIFIED,High,Lead only,,/municipalities/tinambac/jacob-rr-resort,,,,,,,,,,,,,,,,,,,,,,,MADIA-SRC-044
MADIA-TIN-ACC-002,MADIA-MUN-TIN,0501737000,Tinambac,Accommodation,Beach Camp,Suntuario Beach Camp,,San Antonio,Not publicly available,,,,"A beach-camp accommodation lead in San Antonio supported only by user-generated information; official page, rates, facilities and booking procedure require verification.","A beach-camp accommodation lead in San Antonio supported only by user-generated information; official page, rates, facilities and booking procedure require verification. This entry is part of MADIA sa Partido’s preliminary working inventory for Tinambac. Exact coordinates, access arrangements, operating status, fees, schedules, accessibility, safety information, and current contact details must be confirmed from the responsible LGU office, establishment, or operator before public display.",,,,,Requires confirmation,Not publicly available,,,Requires confirmation,Not publicly available,Not publicly available,Not publicly available,,,,,https://www.reddit.com/r/ITookAPicturePH/comments/1cqopxv/,,,Not publicly available,Not publicly available,Requires confirmation,Not publicly available,Requires local confirmation,"Check current LGU, weather, sea-travel, and site advisories before visiting.",Not publicly available,https://www.reddit.com/r/ITookAPicturePH/comments/1cqopxv/,,2026-06-29,,UNVERIFIED,Low,Lead only,,/municipalities/tinambac/suntuario-beach-camp,,,,,,,,,,,,,,,,,,,,,,,MADIA-SRC-040
MADIA-TIN-ACC-003,MADIA-MUN-TIN,0501737000,Tinambac,Accommodation,Beach Resort,Cagliliog Beach Resort,,Not publicly available,Not publicly available,,,,"A resort lead near the Tinambac–Siruma coastal area supported by informal recommendations; municipal jurisdiction, operation and booking information require verification.","A resort lead near the Tinambac–Siruma coastal area supported by informal recommendations; municipal jurisdiction, operation and booking information require verification. This entry is part of MADIA sa Partido’s preliminary working inventory for Tinambac. Exact coordinates, access arrangements, operating status, fees, schedules, accessibility, safety information, and current contact details must be confirmed from the responsible LGU office, establishment, or operator before public display.",,,,,Requires confirmation,Not publicly available,,,Requires confirmation,Not publicly available,Not publicly available,Not publicly available,,,,,https://www.reddit.com/r/Bicol/comments/1rhyh8l/beach_recommendations_na_commute_friendly_po_sana/,,,Not publicly available,Not publicly available,Requires confirmation,Not publicly available,Requires local confirmation,"Check current LGU, weather, sea-travel, and site advisories before visiting.",Not publicly available,https://www.reddit.com/r/Bicol/comments/1rhyh8l/beach_recommendations_na_commute_friendly_po_sana/,,2026-06-29,,UNVERIFIED,Low,Lead only,,/municipalities/tinambac/cagliliog-beach-resort,,,,,,,,,,,,,,,,,,,,,,,MADIA-SRC-045
